Block Name,Point ID,FamilyIdNode,NumIdNode,Points_0,Points_1,Points_2,Points_Magnitude
dataset_1,0,0,15,0.015,0.05,0.015,0.0543139
dataset_1,1,0,16,0.015,0,0.015,0.0212132
dataset_1,2,0,212,0.0165451,0.05,0.0147553,0.0546942
dataset_1,3,0,213,0.0179389,0.05,0.0140451,0.0549461
dataset_1,4,0,214,0.0190451,0.05,0.0129389,0.0550466
dataset_1,5,0,215,0.0197553,0.05,0.0115451,0.0549869
dataset_1,6,0,216,0.02,0.05,0.01,0.0547723
dataset_1,7,0,217,0.0197553,0.05,0.00845492,0.054422
dataset_1,8,0,218,0.0190451,0.05,0.00706107,0.0539683
dataset_1,9,0,219,0.0179389,0.05,0.00595492,0.0534534
dataset_1,10,0,220,0.0165451,0.05,0.00524472,0.0529268
dataset_1,11,0,221,0.015,0.05,0.005,0.0524404
dataset_1,12,0,222,0.0134549,0.05,0.00524472,0.0520437
dataset_1,13,0,223,0.0120611,0.05,0.00595492,0.0517777
dataset_1,14,0,224,0.0109549,0.05,0.00706107,0.0516708
dataset_1,15,0,225,0.0102447,0.05,0.00845492,0.0517343
dataset_1,16,0,226,0.01,0.05,0.01,0.0519615
dataset_1,17,0,227,0.0102447,0.05,0.0115451,0.0523282
dataset_1,18,0,228,0.0109549,0.05,0.0129389,0.0527961
dataset_1,19,0,229,0.0120611,0.05,0.0140451,0.0533173
dataset_1,20,0,230,0.0134549,0.05,0.0147553,0.0538401
dataset_1,21,0,231,0.0165451,0,0.0147553,0.0221689
dataset_1,22,0,232,0.0179389,0,0.0140451,0.0227831
dataset_1,23,0,233,0.0190451,0,0.0129389,0.0230246
dataset_1,24,0,234,0.0197553,0,0.0115451,0.0228814
dataset_1,25,0,235,0.02,0,0.01,0.0223607
dataset_1,26,0,236,0.0197553,0,0.00845492,0.0214885
dataset_1,27,0,237,0.0190451,0,0.00706107,0.0203119
dataset_1,28,0,238,0.0179389,0,0.00595492,0.0189015
dataset_1,29,0,239,0.0165451,0,0.00524472,0.0173565
dataset_1,30,0,240,0.015,0,0.005,0.0158114
dataset_1,31,0,241,0.0134549,0,0.00524472,0.014441
dataset_1,32,0,242,0.0120611,0,0.00595492,0.013451
dataset_1,33,0,243,0.0109549,0,0.00706107,0.0130334
dataset_1,34,0,244,0.0102447,0,0.00845492,0.0132831
dataset_1,35,0,245,0.01,0,0.01,0.0141421
dataset_1,36,0,246,0.0102447,0,0.0115451,0.0154351
dataset_1,37,0,247,0.0109549,0,0.0129389,0.0169536
dataset_1,38,0,248,0.0120611,0,0.0140451,0.0185131
dataset_1,39,0,249,0.0134549,0,0.0147553,0.0199688
dataset_1,40,0,250,0.015,0.0015625,0.015,0.0212707
dataset_1,41,0,251,0.015,0.003125,0.015,0.0214421
dataset_1,42,0,252,0.015,0.0046875,0.015,0.0217249
dataset_1,43,0,253,0.015,0.00625,0.015,0.0221148
dataset_1,44,0,254,0.015,0.0078125,0.015,0.0226061
dataset_1,45,0,255,0.015,0.009375,0.015,0.0231925
dataset_1,46,0,256,0.015,0.0109375,0.015,0.0238669
dataset_1,47,0,257,0.015,0.0125,0.015,0.0246221
dataset_1,48,0,258,0.015,0.0140625,0.015,0.025451
dataset_1,49,0,259,0.015,0.015625,0.015,0.0263465
dataset_1,50,0,260,0.015,0.0171875,0.015,0.0273022
dataset_1,51,0,261,0.015,0.01875,0.015,0.0283119
dataset_1,52,0,262,0.015,0.0203125,0.015,0.02937
dataset_1,53,0,263,0.015,0.021875,0.015,0.0304716
dataset_1,54,0,264,0.015,0.0234375,0.015,0.031612
dataset_1,55,0,265,0.015,0.025,0.015,0.0327872
dataset_1,56,0,266,0.015,0.0265625,0.015,0.0339936
dataset_1,57,0,267,0.015,0.028125,0.015,0.0352281
dataset_1,58,0,268,0.015,0.0296875,0.015,0.0364876
dataset_1,59,0,269,0.015,0.03125,0.015,0.0377699
dataset_1,60,0,270,0.015,0.0328125,0.015,0.0390725
dataset_1,61,0,271,0.015,0.034375,0.015,0.0403936
dataset_1,62,0,272,0.015,0.0359375,0.015,0.0417313
dataset_1,63,0,273,0.015,0.0375,0.015,0.0430842
dataset_1,64,0,274,0.015,0.0390625,0.015,0.0444509
dataset_1,65,0,275,0.015,0.040625,0.015,0.04583
dataset_1,66,0,276,0.015,0.0421875,0.015,0.0472206
dataset_1,67,0,277,0.015,0.04375,0.015,0.0486216
dataset_1,68,0,278,0.015,0.0453125,0.015,0.0500322
dataset_1,69,0,279,0.015,0.046875,0.015,0.0514516
dataset_1,70,0,280,0.015,0.0484375,0.015,0.052879
dataset_1,71,0,3153,0.0136253,0.0478279,0.0148073,0.0518885
dataset_1,72,0,3154,0.0136666,0.0445359,0.0148189,0.0488858
dataset_1,73,0,3155,0.0136993,0.0413797,0.0148278,0.0460414
dataset_1,74,0,3156,0.0136651,0.0382736,0.0148185,0.0432572
dataset_1,75,0,3157,0.0136576,0.0351549,0.0148164,0.0405207
dataset_1,76,0,3158,0.0136565,0.0320309,0.0148161,0.0378417
dataset_1,77,0,3159,0.0136561,0.028906,0.014816,0.0352358
dataset_1,78,0,3160,0.0136554,0.0257808,0.0148158,0.0327204
dataset_1,79,0,3161,0.0136547,0.0226553,0.0148156,0.0303186
dataset_1,80,0,3162,0.0136543,0.0195292,0.0148155,0.0280594
dataset_1,81,0,3163,0.0136539,0.0164022,0.0148154,0.0259799
dataset_1,82,0,3164,0.0136554,0.0132785,0.0148158,0.0241308
dataset_1,83,0,3165,0.0136679,0.0101687,0.0148193,0.0225794
dataset_1,84,0,3166,0.013626,0.00704773,0.0148075,0.0213213
dataset_1,85,0,3167,0.013525,0.00395708,0.0147775,0.0204196
dataset_1,86,0,3168,0.0128678,0.001361,0.0145226,0.0194509
dataset_1,87,0,3169,0.010568,0.00130636,0.0123146,0.01628
dataset_1,88,0,3170,0.0100555,0.00137317,0.00925685,0.0137364
dataset_1,89,0,3171,0.0114536,0.00137665,0.00647538,0.0132291
dataset_1,90,0,3172,0.0142155,0.00137366,0.00506193,0.0151522
dataset_1,91,0,3173,0.0172726,0.00137905,0.00554632,0.0181936
dataset_1,92,0,3174,0.0194526,0.00137924,0.00772523,0.0209758
dataset_1,93,0,3175,0.0199429,0.0013461,0.0107536,0.0226974
dataset_1,94,0,3176,0.0185713,0.00138338,0.0134994,0.0230009
dataset_1,95,0,3177,0.0163618,0.0021555,0.014811,0.0221747
dataset_1,96,0,3178,0.0163372,0.00544868,0.0148179,0.0227192
dataset_1,97,0,3179,0.0163333,0.00860013,0.014819,0.0236715
dataset_1,98,0,3180,0.0163477,0.0117142,0.0148149,0.024979
dataset_1,99,0,3181,0.0163476,0.0148388,0.014815,0.0265879
dataset_1,100,0,3182,0.0163456,0.0179662,0.0148155,0.0284511
dataset_1,101,0,3183,0.016344,0.0210928,0.014816,0.0305212
dataset_1,102,0,3184,0.0163431,0.0242184,0.0148162,0.0327589
dataset_1,103,0,3185,0.0163429,0.0273432,0.0148163,0.0351321
dataset_1,104,0,3186,0.0163424,0.0304673,0.0148164,0.0376146
dataset_1,105,0,3187,0.0163444,0.0335932,0.0148159,0.040189
dataset_1,106,0,3188,0.0163609,0.0367254,0.0148112,0.0428463
dataset_1,107,0,3189,0.0164023,0.0398638,0.0147993,0.0455761
dataset_1,108,0,3190,0.0164203,0.0429879,0.014794,0.0483368
dataset_1,109,0,3191,0.0163768,0.0460695,0.0148067,0.0510865
dataset_1,110,0,3192,0.017091,0.048641,0.0145418,0.0535678
dataset_1,111,0,3193,0.0194287,0.0486272,0.0123208,0.0537948
dataset_1,112,0,3194,0.0199436,0.0486259,0.00925106,0.0533649
dataset_1,113,0,3195,0.0185496,0.0486291,0.00647863,0.0524485
dataset_1,114,0,3196,0.0157969,0.0486415,0.00506391,0.0513924
dataset_1,115,0,3197,0.0127534,0.0486572,0.00553313,0.0506043
dataset_1,116,0,3198,0.0105678,0.0486693,0.00768572,0.050393
dataset_1,117,0,3199,0.0100514,0.0486565,0.0107148,0.0508261
dataset_1,118,0,3200,0.0114069,0.0485814,0.013477,0.0516904
dataset_1,119,0,3201,0.013584,0.0461656,0.0147953,0.0503457
dataset_1,120,0,3202,0.0137066,0.0429447,0.0148298,0.0474556
dataset_1,121,0,3203,0.0136781,0.0398274,0.0148221,0.0446431
dataset_1,122,0,3204,0.0136594,0.0367159,0.0148169,0.0418829
dataset_1,123,0,3205,0.0136568,0.0335932,0.0148162,0.0391731
dataset_1,124,0,3206,0.0136563,0.0304686,0.0148161,0.0365287
dataset_1,125,0,3207,0.0136558,0.0273435,0.0148159,0.0339656
dataset_1,126,0,3208,0.013655,0.0242181,0.0148157,0.0315036
dataset_1,127,0,3209,0.0136545,0.0210923,0.0148156,0.029169
dataset_1,128,0,3210,0.0136541,0.0179655,0.0148154,0.0269943
dataset_1,129,0,3211,0.013654,0.014839,0.0148154,0.0250225
dataset_1,130,0,3212,0.0136603,0.0117219,0.0148172,0.0233143
dataset_1,131,0,3213,0.0136638,0.00861207,0.0148181,0.021919
dataset_1,132,0,3214,0.0135589,0.00548666,0.0147878,0.0207997
dataset_1,133,0,3215,0.0136481,0.00256225,0.0148138,0.0203048
dataset_1,134,0,3216,0.0115304,0.00134807,0.0136003,0.0178812
dataset_1,135,0,3217,0.0100704,0.00135839,0.0108362,0.0148553
dataset_1,136,0,3218,0.0105331,0.00137749,0.00775349,0.0131514
dataset_1,137,0,3219,0.0127226,0.00137501,0.00554876,0.0139479
dataset_1,138,0,3220,0.0157835,0.00137474,0.00506178,0.0166323
dataset_1,139,0,3221,0.0185365,0.00138187,0.00646543,0.0196803
dataset_1,140,0,3222,0.0199357,0.00136575,0.00920064,0.0219988
dataset_1,141,0,3223,0.019469,0.00134799,0.0122422,0.0230376
dataset_1,142,0,3224,0.0174666,0.00130993,0.0143492,0.0226429
dataset_1,143,0,3225,0.0163996,0.00381544,0.0148001,0.0224176
dataset_1,144,0,3226,0.0163218,0.00703763,0.0148221,0.0231436
dataset_1,145,0,3227,0.0163434,0.0101558,0.0148161,0.0242851
dataset_1,146,0,3228,0.0163483,0.0132752,0.0148148,0.0257483
dataset_1,147,0,3229,0.0163464,0.0164029,0.0148153,0.027491
dataset_1,148,0,3230,0.0163447,0.0195298,0.0148158,0.029463
dataset_1,149,0,3231,0.0163435,0.0226558,0.0148161,0.0316213
dataset_1,150,0,3232,0.016343,0.0257809,0.0148163,0.0339304
dataset_1,151,0,3233,0.0163427,0.0289053,0.0148163,0.0363611
dataset_1,152,0,3234,0.0163426,0.0320299,0.0148164,0.0388912
dataset_1,153,0,3235,0.0163495,0.0351582,0.0148144,0.0415075
dataset_1,154,0,3236,0.0163786,0.0382941,0.0148062,0.0442032
dataset_1,155,0,3237,0.0164208,0.0414293,0.0147939,0.0469562
dataset_1,156,0,3238,0.0163897,0.044535,0.014803,0.0497103
dataset_1,157,0,3239,0.0162846,0.0474542,0.0148322,0.0523172
dataset_1,158,0,3240,0.0184525,0.0485953,0.0136166,0.0537347
dataset_1,159,0,3241,0.0199316,0.0486241,0.0108242,0.0536538
dataset_1,160,0,3242,0.0194666,0.0486272,0.00775296,0.0529496
dataset_1,161,0,3243,0.0172841,0.0486344,0.00555219,0.0519121
dataset_1,162,0,3244,0.0142374,0.0486491,0.0050585,0.0509414
dataset_1,163,0,3245,0.0114919,0.0486651,0.00643726,0.0504162
dataset_1,164,0,3246,0.0100717,0.048668,0.00915629,0.0505357
dataset_1,165,0,3247,0.0105143,0.0486248,0.0122088,0.0512248
dataset_1,166,0,3248,0.0125168,0.0486663,0.0143398,0.0522562
dataset_1,167,0,3249,0.0123827,0.0452862,0.0142603,0.0490665
dataset_1,168,0,3250,0.0109319,0.00275466,0.00709304,0.0133194
dataset_1,169,0,3251,0.0124188,0.0374946,0.0142822,0.0420007
dataset_1,170,0,3252,0.0125132,0.0421181,0.0143377,0.0462178
dataset_1,171,0,3253,0.0124127,0.0343737,0.0142785,0.0392365
dataset_1,172,0,3254,0.0175324,0.00628278,0.0143112,0.0234877
dataset_1,173,0,3255,0.0124115,0.0312497,0.0142778,0.03653
dataset_1,174,0,3256,0.0102966,0.00270138,0.0116964,0.0158153
dataset_1,175,0,3257,0.0124109,0.0281246,0.0142774,0.0338949
dataset_1,176,0,3258,0.0177,0.0470834,0.0142083,0.0522687
dataset_1,177,0,3259,0.0124095,0.024999,0.0142766,0.0313492
dataset_1,178,0,3260,0.0124083,0.0218726,0.0142759,0.0289167
dataset_1,179,0,3261,0.0124079,0.0187444,0.0142756,0.026629
dataset_1,180,0,3262,0.0124073,0.0156138,0.0142752,0.0245258
dataset_1,181,0,3263,0.0124104,0.0124925,0.0142771,0.0226697
dataset_1,182,0,3264,0.0124416,0.00941475,0.0142959,0.0211614
dataset_1,183,0,3265,0.0123115,0.00630752,0.0142157,0.0198354
dataset_1,184,0,3266,0.0121368,0.00295659,0.014099,0.0188368
dataset_1,185,0,3267,0.013447,0.00274615,0.00524731,0.0146934
dataset_1,186,0,3268,0.0124118,0.0328119,0.014278,0.0378753
dataset_1,187,0,3269,0.0109937,0.00251477,0.0129915,0.0172036
dataset_1,188,0,3270,0.0175962,0.0109257,0.0142732,0.0251539
dataset_1,189,0,3271,0.0120435,0.00274997,0.00596772,0.0137194
dataset_1,190,0,3272,0.0165503,0.00275315,0.00524643,0.0175789
dataset_1,191,0,3273,0.0190475,0.00277047,0.00706438,0.0205034
dataset_1,192,0,3274,0.0199998,0.00271834,0.00995962,0.0225073
dataset_1,193,0,3275,0.0190698,0.00270081,0.0129046,0.0231836
dataset_1,194,0,3276,0.0178137,0.00288605,0.0141332,0.0229217
dataset_1,195,0,3277,0.017596,0.0140494,0.0142732,0.0266595
dataset_1,196,0,3278,0.0124142,0.0359355,0.0142794,0.0406125
dataset_1,197,0,3279,0.0175905,0.00466745,0.0142766,0.0231308
dataset_1,198,0,3280,0.0175975,0.0124852,0.0142724,0.0258699
dataset_1,199,0,3281,0.0175925,0.0171815,0.0142754,0.0284339
dataset_1,200,0,3282,0.0175895,0.0203104,0.0142772,0.030426
dataset_1,201,0,3283,0.0175876,0.0234368,0.0142783,0.0325957
dataset_1,202,0,3284,0.0175873,0.0265618,0.0142785,0.0349102
dataset_1,203,0,3285,0.0175866,0.0296848,0.014279,0.0373412
dataset_1,204,0,3286,0.0175866,0.0328082,0.014279,0.0398693
dataset_1,205,0,3287,0.0176037,0.0359388,0.0142686,0.0424862
dataset_1,206,0,3288,0.0176689,0.0390881,0.0142281,0.0451941
dataset_1,207,0,3289,0.0177472,0.0422448,0.0141777,0.0479645
dataset_1,208,0,3290,0.0176197,0.0453497,0.0142588,0.0506987
dataset_1,209,0,3291,0.0197279,0.0472463,0.0116268,0.0525032
dataset_1,210,0,3292,0.0189911,0.0472811,0.0130118,0.0525878
dataset_1,211,0,3293,0.0125071,0.0436781,0.0143342,0.0476411
dataset_1,212,0,3294,0.012144,0.0470591,0.014104,0.0506059
dataset_1,213,0,3295,0.0197732,0.047258,0.00851114,0.0519301
dataset_1,214,0,3296,0.0179659,0.0472631,0.00597468,0.0509143
dataset_1,215,0,3297,0.0150307,0.0472894,0.00500009,0.049872
dataset_1,216,0,3298,0.0121107,0.04732,0.00591933,0.0492025
dataset_1,217,0,3299,0.0102826,0.0473386,0.00834289,0.0491557
dataset_1,218,0,3300,0.0101975,0.0473021,0.0113916,0.0497116
dataset_1,219,0,3301,0.0124299,0.0390492,0.0142889,0.0433995
dataset_1,220,0,3302,0.0124103,0.0265619,0.0142771,0.0326096
dataset_1,221,0,3303,0.0124113,0.0296873,0.0142777,0.0352026
dataset_1,222,0,3304,0.0124618,0.0405886,0.0143079,0.0448045
dataset_1,223,0,3305,0.0102254,0.00275112,0.00851564,0.0135884
dataset_1,224,0,3306,0.0175857,0.00937516,0.0142795,0.0245164
dataset_1,225,0,3307,0.0175587,0.00783203,0.0142957,0.0239586
dataset_1,226,0,3308,0.0124087,0.0234358,0.0142761,0.0301168
dataset_1,227,0,3309,0.0124082,0.0203091,0.0142758,0.0277529
dataset_1,228,0,3310,0.0124076,0.0171797,0.0142754,0.0255515
dataset_1,229,0,3311,0.0124071,0.0140505,0.0142752,0.0235613
dataset_1,230,0,3312,0.0124215,0.0109466,0.0142838,0.0218666
dataset_1,231,0,3313,0.0124195,0.00787029,0.0142826,0.0204983
dataset_1,232,0,3314,0.0121508,0.00469881,0.0141088,0.0192036
dataset_1,233,0,3315,0.0179452,0.00276333,0.00595946,0.0191097
dataset_1,234,0,3316,0.0100012,0.00273468,0.010108,0.0144801
dataset_1,235,0,3317,0.0150001,0.00274628,0.005,0.0160482
dataset_1,236,0,3318,0.0197518,0.00275933,0.00844421,0.0216576
dataset_1,237,0,3319,0.0197757,0.00266528,0.0114807,0.0230215
dataset_1,238,0,3320,0.0175873,0.0249995,0.0142785,0.0337367
dataset_1,239,0,3321,0.0175884,0.0218738,0.0142779,0.0314908
dataset_1,240,0,3322,0.017591,0.018746,0.0142763,0.0294052
dataset_1,241,0,3323,0.017594,0.0156164,0.0142745,0.0275169
dataset_1,242,0,3324,0.0175871,0.0281235,0.0142787,0.0361125
dataset_1,243,0,3325,0.0175859,0.0312461,0.0142794,0.0385938
dataset_1,244,0,3326,0.017591,0.0343722,0.0142763,0.0411668
dataset_1,245,0,3327,0.0176293,0.0375108,0.0142528,0.0438292
dataset_1,246,0,3328,0.0177155,0.0406675,0.0141983,0.0465755
dataset_1,247,0,3329,0.0177172,0.0438043,0.0141972,0.0493384
dataset_1,248,0,3330,0.0199994,0.0472514,0.0100753,0.0522895
dataset_1,249,0,3331,0.019072,0.0472548,0.00709849,0.0514504
dataset_1,250,0,3332,0.0165696,0.0472751,0.00525276,0.0503694
dataset_1,251,0,3333,0.0134927,0.0473039,0.00523261,0.0494681
dataset_1,252,0,3334,0.0110075,0.0473337,0.00699007,0.0490969
dataset_1,253,0,3335,0.0100021,0.0473317,0.00985597,0.0493708
dataset_1,254,0,3336,0.0108834,0.0472185,0.0128379,0.0501283
dataset_1,255,0,3337,0.011356,0.0273431,0.0134236,0.0325084
dataset_1,256,0,3338,0.011357,0.0304685,0.0134247,0.0351786
dataset_1,257,0,3339,0.0187691,0.0446645,0.0132854,0.0502364
dataset_1,258,0,3340,0.0194628,0.00417479,0.00774542,0.0213594
dataset_1,259,0,3341,0.011353,0.022653,0.0134205,0.0286733
dataset_1,260,0,3342,0.0113528,0.0195235,0.0134202,0.0262708
dataset_1,261,0,3343,0.0113527,0.0163883,0.0134201,0.0240325
dataset_1,262,0,3344,0.0113514,0.0132522,0.0134187,0.0220122
dataset_1,263,0,3345,0.0113747,0.010171,0.0134435,0.0203362
dataset_1,264,0,3346,0.0113601,0.00719741,0.013428,0.0190044
dataset_1,265,0,3347,0.0113577,0.0335924,0.0134254,0.0379169
dataset_1,266,0,3348,0.0195247,0.00391944,0.0121276,0.0233164
dataset_1,267,0,3349,0.0194959,0.0458773,0.00781219,0.0504564
dataset_1,268,0,3350,0.0108617,0.00404404,0.0128061,0.0172721
dataset_1,269,0,3351,0.0127132,0.00412051,0.0055536,0.0144722
dataset_1,270,0,3352,0.0114778,0.0443112,0.0135488,0.0477367
dataset_1,271,0,3353,0.0101026,0.00407174,0.0110079,0.015486
dataset_1,272,0,3354,0.0100992,0.0460069,0.00900881,0.0479561
dataset_1,273,0,3355,0.0111497,0.00569075,0.0131898,0.0181844
dataset_1,274,0,3356,0.0185486,0.00416206,0.00647758,0.0200831
dataset_1,275,0,3357,0.018707,0.0382891,0.0133553,0.0446584
dataset_1,276,0,3358,0.0113621,0.0367166,0.0134301,0.0407133
dataset_1,277,0,3359,0.0186755,0.00408339,0.0133897,0.0233396
dataset_1,278,0,3360,0.0113592,0.0351541,0.0134271,0.0393081
dataset_1,279,0,3361,0.0199486,0.00404286,0.0107154,0.0230024
dataset_1,280,0,3362,0.0186413,0.0257807,0.0134265,0.0345314
dataset_1,281,0,3363,0.0186503,0.0148245,0.0134169,0.0273425
dataset_1,282,0,3364,0.0186412,0.0242181,0.0134266,0.0333809
dataset_1,283,0,3365,0.0172823,0.00414164,0.00555126,0.0186184
dataset_1,284,0,3366,0.018653,0.0132532,0.0134141,0.0265239
dataset_1,285,0,3367,0.0114399,0.0413481,0.0135108,0.0449786
dataset_1,286,0,3368,0.010406,0.045949,0.0119735,0.0486103
dataset_1,287,0,3369,0.0186357,0.00858691,0.0134324,0.0245246
dataset_1,288,0,3370,0.0186448,0.0195267,0.0134228,0.0301511
dataset_1,289,0,3371,0.0186468,0.0179611,0.0134206,0.0291619
dataset_1,290,0,3372,0.0100261,0.0459912,0.0105099,0.0482304
dataset_1,291,0,3373,0.018641,0.0289026,0.0134268,0.0369205
dataset_1,292,0,3374,0.0186386,0.0320213,0.0134294,0.0394095
dataset_1,293,0,3375,0.0186477,0.035144,0.0134197,0.0419872
dataset_1,294,0,3376,0.0186681,0.036712,0.0133978,0.0433101
dataset_1,295,0,3377,0.0157882,0.0041249,0.00506251,0.0170854
dataset_1,296,0,3378,0.0188397,0.0414902,0.0132026,0.0474414
dataset_1,297,0,3379,0.0199153,0.0458574,0.0109166,0.0511732
dataset_1,298,0,3380,0.0114372,0.00412889,0.0064919,0.0137842
dataset_1,299,0,3381,0.0115364,0.0428149,0.013606,0.0463824
dataset_1,300,0,3382,0.018656,0.0116856,0.0134108,0.0257769
dataset_1,301,0,3383,0.0188725,0.043106,0.0131628,0.0488626
dataset_1,302,0,3384,0.0113538,0.0242168,0.0134213,0.0299248
dataset_1,303,0,3385,0.0112361,0.0457746,0.0132914,0.0489717
dataset_1,304,0,3386,0.0173077,0.0459032,0.0055644,0.0493722
dataset_1,305,0,3387,0.0142652,0.0459437,0.00505428,0.0483722
dataset_1,306,0,3388,0.0115445,0.0459898,0.00638625,0.0478448
dataset_1,307,0,3389,0.0106203,0.0460068,0.00758783,0.0478226
dataset_1,308,0,3390,0.0113549,0.0257801,0.0134225,0.0312043
dataset_1,309,0,3391,0.0113567,0.0289059,0.0134243,0.0338339
dataset_1,310,0,3392,0.0105116,0.00414018,0.00779685,0.0137268
dataset_1,311,0,3393,0.0113678,0.0382792,0.0134361,0.0421314
dataset_1,312,0,3394,0.0186553,0.0101269,0.0134116,0.0251086
dataset_1,313,0,3395,0.0194019,0.0458472,0.0123713,0.0512976
dataset_1,314,0,3396,0.0186418,0.0226551,0.013426,0.032265
dataset_1,315,0,3397,0.0113572,0.0320307,0.0134249,0.0365401
dataset_1,316,0,3398,0.0186486,0.0163943,0.0134187,0.0282242
dataset_1,317,0,3399,0.019953,0.0459078,0.00931572,0.0509159
dataset_1,318,0,3400,0.0185872,0.00708324,0.0134831,0.0240302
dataset_1,319,0,3401,0.0100446,0.00411646,0.00933339,0.0143162
dataset_1,320,0,3402,0.0113527,0.0210883,0.0134201,0.0274535
dataset_1,321,0,3403,0.0113527,0.0179576,0.0134201,0.0251289
dataset_1,322,0,3404,0.0113522,0.0148201,0.0134196,0.0229911
dataset_1,323,0,3405,0.0113546,0.0116967,0.0134222,0.0211163
dataset_1,324,0,3406,0.0114234,0.00869632,0.013494,0.019703
dataset_1,325,0,3407,0.0142131,0.0041197,0.00506231,0.01564
dataset_1,326,0,3408,0.0187693,0.0398814,0.0132852,0.046036
dataset_1,327,0,3409,0.0199374,0.00414786,0.00921157,0.0223508
dataset_1,328,0,3410,0.0186415,0.0273425,0.0134263,0.0357125
dataset_1,329,0,3411,0.0185621,0.0460519,0.0135088,0.0514569
dataset_1,330,0,3412,0.0185307,0.00560273,0.0135404,0.0236245
dataset_1,331,0,3413,0.0113843,0.0398325,0.0134535,0.0435572
dataset_1,332,0,3414,0.0186431,0.0210916,0.0134246,0.0311872
dataset_1,333,0,3415,0.01864,0.0304628,0.0134279,0.0381541
dataset_1,334,0,3416,0.0186399,0.0335824,0.013428,0.0406883
dataset_1,335,0,3417,0.0185782,0.0458857,0.00650762,0.0499299
dataset_1,336,0,3418,0.015816,0.045922,0.00506703,0.0488329
dataset_1,337,0,3419,0.0127934,0.0459655,0.00551327,0.0480301
dataset_1,338,0,3420,0.0135233,0.0446042,0.00522304,0.0469009
dataset_1,339,0,3421,0.0194271,0.0249996,0.0123239,0.0339746
dataset_1,340,0,3422,0.0194234,0.03279,0.012331,0.0400563
dataset_1,341,0,3423,0.0191122,0.0445018,0.00715578,0.0489581
dataset_1,342,0,3424,0.0195783,0.0406613,0.0120098,0.0466999
dataset_1,343,0,3425,0.0106247,0.0446282,0.0124201,0.047527
dataset_1,344,0,3426,0.0150025,0.00549904,0.005,0.0167426
dataset_1,345,0,3427,0.0107058,0.00804354,0.0125613,0.0183602
dataset_1,346,0,3428,0.0105662,0.0203017,0.0123111,0.0259878
dataset_1,347,0,3429,0.0105669,0.0171636,0.0123125,0.0236187
dataset_1,348,0,3430,0.0105673,0.0140132,0.0123132,0.0214395
dataset_1,349,0,3431,0.010566,0.0108671,0.0123109,0.0195267
dataset_1,350,0,3432,0.0199997,0.00554225,0.010053,0.0230601
dataset_1,351,0,3433,0.01943,0.0203082,0.0123185,0.030687
dataset_1,352,0,3434,0.0105715,0.034372,0.0123214,0.0380132
dataset_1,353,0,3435,0.010566,0.0218675,0.0123107,0.0272283
dataset_1,354,0,3436,0.0199984,0.0446513,0.0101271,0.0499623
dataset_1,355,0,3437,0.019068,0.00557953,0.00709281,0.0210956
dataset_1,356,0,3438,0.0105707,0.0296876,0.0123198,0.0338359
dataset_1,357,0,3439,0.0103287,0.00538993,0.011783,0.0165703
dataset_1,358,0,3440,0.0192406,0.00504162,0.012649,0.0235715
dataset_1,359,0,3441,0.0194461,0.00929404,0.0122875,0.0248095
dataset_1,360,0,3442,0.0197729,0.00529019,0.0114897,0.0234727
dataset_1,361,0,3443,0.0197769,0.00562633,0.00852325,0.0222582
dataset_1,362,0,3444,0.0179611,0.00554981,0.00597109,0.0197244
dataset_1,363,0,3445,0.0105966,0.040661,0.0123685,0.0438017
dataset_1,364,0,3446,0.0194361,0.0140248,0.0123067,0.0269427
dataset_1,365,0,3447,0.0100022,0.00545012,0.0101484,0.0152558
dataset_1,366,0,3448,0.0101217,0.0446454,0.0110964,0.047104
dataset_1,367,0,3449,0.0194273,0.0296791,0.0123236,0.0375518
dataset_1,368,0,3450,0.0194349,0.0359024,0.012309,0.0426405
dataset_1,369,0,3451,0.0165603,0.00551679,0.00524968,0.0182274
dataset_1,370,0,3452,0.0134424,0.00549378,0.0052488,0.0154412
dataset_1,371,0,3453,0.0106807,0.0421568,0.0125187,0.0452548
dataset_1,372,0,3454,0.0194392,0.0124438,0.0123007,0.0261542
dataset_1,373,0,3455,0.0165835,0.0445502,0.00525738,0.0478265
dataset_1,374,0,3456,0.0196869,0.0441793,0.0117416,0.049772
dataset_1,375,0,3457,0.0105665,0.0234333,0.0123117,0.0285017
dataset_1,376,0,3458,0.0108473,0.0434439,0.0127848,0.0465671
dataset_1,377,0,3459,0.010012,0.0446651,0.00965381,0.0467804
dataset_1,378,0,3460,0.017989,0.0445258,0.00599177,0.0483948
dataset_1,379,0,3461,0.015041,0.0445753,0.00500017,0.0473095
dataset_1,380,0,3462,0.0110657,0.0446704,0.00691437,0.0465371
dataset_1,381,0,3463,0.0105675,0.0249976,0.0123137,0.0298023
dataset_1,382,0,3464,0.0105739,0.0359338,0.0123259,0.0394332
dataset_1,383,0,3465,0.0109181,0.00551924,0.00711248,0.0141511
dataset_1,384,0,3466,0.0194281,0.0281217,0.0123221,0.0363334
dataset_1,385,0,3467,0.0105779,0.0375001,0.0123334,0.0408689
dataset_1,386,0,3468,0.0194452,0.010866,0.0122891,0.0254403
dataset_1,387,0,3469,0.0194273,0.0234368,0.0123236,0.0328417
dataset_1,388,0,3470,0.0194256,0.0312364,0.0123269,0.0387946
dataset_1,389,0,3471,0.0105707,0.0312501,0.0123197,0.0352148
dataset_1,390,0,3472,0.0103307,0.044685,0.00821182,0.046593
dataset_1,391,0,3473,0.0194339,0.0171727,0.0123109,0.0287078
dataset_1,392,0,3474,0.0102085,0.00555269,0.00857128,0.0144399
dataset_1,393,0,3475,0.0198117,0.0444896,0.00864068,0.049462
dataset_1,394,0,3476,0.0120363,0.00550225,0.00597301,0.0145198
dataset_1,395,0,3477,0.0105921,0.00935727,0.0123602,0.0187756
dataset_1,396,0,3478,0.0194283,0.0218733,0.0123217,0.0317447
dataset_1,397,0,3479,0.0194319,0.0187424,0.0123147,0.0296737
dataset_1,398,0,3480,0.01942,0.00776487,0.0123374,0.0242825
dataset_1,399,0,3481,0.0105689,0.0265612,0.0123162,0.031127
dataset_1,400,0,3482,0.0195057,0.0390467,0.0121675,0.0453119
dataset_1,401,0,3483,0.0105706,0.0328114,0.0123196,0.0366073
dataset_1,402,0,3484,0.0105664,0.0187347,0.0123115,0.0247833
dataset_1,403,0,3485,0.0105678,0.0155897,0.0123142,0.0225023
dataset_1,404,0,3486,0.0105639,0.0124334,0.0123068,0.0204363
dataset_1,405,0,3487,0.0196624,0.0423447,0.0118061,0.0481567
dataset_1,406,0,3488,0.0194253,0.0343469,0.0123275,0.0413403
dataset_1,407,0,3489,0.0105257,0.00679731,0.0122318,0.0175103
dataset_1,408,0,3490,0.0194278,0.0265617,0.0123227,0.0351399
dataset_1,409,0,3491,0.0194354,0.0155989,0.012308,0.0277947
dataset_1,410,0,3492,0.019344,0.00632059,0.0124759,0.0238702
dataset_1,411,0,3493,0.0105854,0.0390747,0.0123476,0.0423243
dataset_1,412,0,3494,0.0121576,0.0446359,0.00588649,0.046635
dataset_1,413,0,3495,0.0194592,0.0374646,0.0122618,0.0439614
dataset_1,414,0,3496,0.01057,0.0281243,0.0123183,0.0324722
dataset_1,415,0,3497,0.010107,0.0210788,0.0110288,0.0258476
dataset_1,416,0,3498,0.0114336,0.00690026,0.00649561,0.0148504
dataset_1,417,0,3499,0.01991,0.0381746,0.0109444,0.0444239
dataset_1,418,0,3500,0.0198845,0.0335465,0.0110686,0.0405373
dataset_1,419,0,3501,0.0198738,0.00678402,0.0111162,0.0237605
dataset_1,420,0,3502,0.0157933,0.00689076,0.00506334,0.0179597
dataset_1,421,0,3503,0.0198931,0.0163766,0.0110284,0.0280277
dataset_1,422,0,3504,0.0101076,0.0179348,0.0110317,0.0233563
dataset_1,423,0,3505,0.0101103,0.0147831,0.0110444,0.0210413
dataset_1,424,0,3506,0.0199991,0.0430727,0.00990771,0.0485117
dataset_1,425,0,3507,0.0199728,0.00725397,0.00947909,0.0232677
dataset_1,426,0,3508,0.0101093,0.0273425,0.0110397,0.0311719
dataset_1,427,0,3509,0.0101052,0.00993149,0.0110204,0.0179499
dataset_1,428,0,3510,0.0101177,0.0382788,0.0110786,0.0411142
dataset_1,429,0,3511,0.0101102,0.0289067,0.0110441,0.0325543
dataset_1,430,0,3512,0.0198884,0.0304512,0.0110506,0.0380123
dataset_1,431,0,3513,0.0199024,0.0100096,0.0109829,0.0248379
dataset_1,432,0,3514,0.0101237,0.0398842,0.0111051,0.0426211
dataset_1,433,0,3515,0.0185639,0.00698351,0.00649302,0.0208697
dataset_1,434,0,3516,0.0198883,0.0257808,0.0110509,0.0343849
dataset_1,435,0,3517,0.0100269,0.00712883,0.00948243,0.015533
dataset_1,436,0,3518,0.0101098,0.0335911,0.0110423,0.0367764
dataset_1,437,0,3519,0.0158066,0.0432029,0.00506549,0.0462817
dataset_1,438,0,3520,0.0128205,0.0432713,0.00550001,0.0454645
dataset_1,439,0,3521,0.0198893,0.0288983,0.0110462,0.0367793
dataset_1,440,0,3522,0.0101069,0.0226467,0.0110283,0.0271413
dataset_1,441,0,3523,0.0194818,0.00701622,0.00778336,0.0221212
dataset_1,442,0,3524,0.0100088,0.0432821,0.0102969,0.045602
dataset_1,443,0,3525,0.0198937,0.0366313,0.0110255,0.0431181
dataset_1,444,0,3526,0.0172959,0.00693469,0.00555828,0.0194456
dataset_1,445,0,3527,0.0142113,0.00687009,0.0050626,0.0165767
dataset_1,446,0,3528,0.0101134,0.0416908,0.0110586,0.0443023
dataset_1,447,0,3529,0.0102822,0.0432996,0.0116561,0.0460049
dataset_1,448,0,3530,0.0198926,0.0132111,0.011031,0.0263045
dataset_1,449,0,3531,0.0100895,0.00660622,0.0109417,0.0162837
dataset_1,450,0,3532,0.0198935,0.0147935,0.0110263,0.0271326
dataset_1,451,0,3533,0.0198861,0.0350934,0.0110611,0.0418252
dataset_1,452,0,3534,0.0101073,0.0242138,0.0110305,0.0284629
dataset_1,453,0,3535,0.017302,0.043173,0.00556145,0.0468422
dataset_1,454,0,3536,0.0142662,0.0432342,0.00505414,0.0458068
dataset_1,455,0,3537,0.0101086,0.0163605,0.0110363,0.0221732
dataset_1,456,0,3538,0.010111,0.0351491,0.0110476,0.0382066
dataset_1,457,0,3539,0.0198891,0.0273413,0.0110473,0.0355692
dataset_1,458,0,3540,0.0101134,0.0367099,0.0110589,0.0396509
dataset_1,459,0,3541,0.019896,0.0116157,0.0110145,0.0255361
dataset_1,460,0,3542,0.0198879,0.0242189,0.0110526,0.0332302
dataset_1,461,0,3543,0.0198893,0.0210909,0.0110461,0.031023
dataset_1,462,0,3544,0.0198864,0.0320027,0.0110597,0.0392678
dataset_1,463,0,3545,0.0101104,0.0304701,0.0110448,0.0339505
dataset_1,464,0,3546,0.0105131,0.00691276,0.00779375,0.0148005
dataset_1,465,0,3547,0.0195547,0.043114,0.00793724,0.0480021
dataset_1,466,0,3548,0.0127091,0.00687898,0.00555571,0.0154825
dataset_1,467,0,3549,0.0198883,0.0226557,0.0110508,0.0321084
dataset_1,468,0,3550,0.019981,0.0413491,0.0104354,0.0470944
dataset_1,469,0,3551,0.0198908,0.0195243,0.0110395,0.0299785
dataset_1,470,0,3552,0.0199061,0.00838104,0.0109644,0.0242222
dataset_1,471,0,3553,0.0101083,0.0257788,0.0110349,0.0298076
dataset_1,472,0,3554,0.0199411,0.0397406,0.0107652,0.0457477
dataset_1,473,0,3555,0.0185983,0.0431471,0.00652838,0.0474361
dataset_1,474,0,3556,0.0101044,0.0115721,0.0110166,0.0189045
dataset_1,475,0,3557,0.0198921,0.0179541,0.0110333,0.028979
dataset_1,476,0,3558,0.0101073,0.0195097,0.0110305,0.0245857
dataset_1,477,0,3559,0.0101348,0.00815709,0.0111532,0.0171361
dataset_1,478,0,3560,0.0106794,0.0433726,0.00748351,0.0452906
dataset_1,479,0,3561,0.0115928,0.0433175,0.0063406,0.045288
dataset_1,480,0,3562,0.01011,0.0320319,0.0110428,0.0353581
dataset_1,481,0,3563,0.0101098,0.0131871,0.011042,0.0199507
dataset_1,482,0,3564,0.0101354,0.0433663,0.00884435,0.0454046
dataset_1,483,0,3565,0.0100089,0.012355,0.009702,0.0186267
dataset_1,484,0,3566,0.0100103,0.0265605,0.00967991,0.0299895
dataset_1,485,0,3567,0.0100095,0.031254,0.00969212,0.034219
dataset_1,486,0,3568,0.012032,0.00828522,0.00597618,0.0157838
dataset_1,487,0,3569,0.0199864,0.0107687,0.00963089,0.0246612
dataset_1,488,0,3570,0.0199933,0.0342855,0.00974099,0.040867
dataset_1,489,0,3571,0.0100134,0.00900211,0.00963394,0.0165565
dataset_1,490,0,3572,0.019989,0.0155684,0.00966825,0.0271184
dataset_1,491,0,3573,0.0199887,0.0373167,0.00966412,0.0434222
dataset_1,492,0,3574,0.0199912,0.0312187,0.00970319,0.0383198
dataset_1,493,0,3575,0.0199911,0.0218756,0.00970121,0.0311817
dataset_1,494,0,3576,0.0179493,0.0417853,0.00596251,0.0458666
dataset_1,495,0,3577,0.0199905,0.0296704,0.00969154,0.0370658
dataset_1,496,0,3578,0.0165632,0.00830365,0.00525063,0.0192577
dataset_1,497,0,3579,0.0199891,0.0139694,0.00967011,0.0262339
dataset_1,498,0,3580,0.0100111,0.0218566,0.00966715,0.0259112
dataset_1,499,0,3581,0.0197253,0.00837993,0.00836563,0.0230064
dataset_1,500,0,3582,0.0100099,0.0328139,0.00968503,0.0356476
dataset_1,501,0,3583,0.0149944,0.0082528,0.005,0.0178309
dataset_1,502,0,3584,0.0100034,0.0405446,0.00981608,0.0428986
dataset_1,503,0,3585,0.0100105,0.0171239,0.00967578,0.0220694
dataset_1,504,0,3586,0.0190878,0.0417747,0.00712082,0.0464777
dataset_1,505,0,3587,0.0199923,0.0327567,0.00972348,0.0395884
dataset_1,506,0,3588,0.0199924,0.0358133,0.00972493,0.0421529
dataset_1,507,0,3589,0.0100112,0.0234266,0.00966612,0.0272481
dataset_1,508,0,3590,0.0199898,0.0187398,0.00968096,0.0290602
dataset_1,509,0,3591,0.0135043,0.0419004,0.00522897,0.0443323
dataset_1,510,0,3592,0.0100096,0.0281258,0.00969005,0.0313871
dataset_1,511,0,3593,0.019991,0.0265607,0.00969939,0.0346293
dataset_1,512,0,3594,0.0100099,0.0343693,0.0096853,0.0370843
dataset_1,513,0,3595,0.011103,0.0420161,0.00686741,0.0439976
dataset_1,514,0,3596,0.0121642,0.0419438,0.00588199,0.0440664
dataset_1,515,0,3597,0.0199905,0.0281173,0.00969181,0.0358348
dataset_1,516,0,3598,0.0100079,0.0139684,0.00971826,0.0197413
dataset_1,517,0,3599,0.010009,0.0359218,0.00969988,0.038531
dataset_1,518,0,3600,0.0199912,0.0123903,0.00970288,0.0254423
dataset_1,519,0,3601,0.0199914,0.0250006,0.00970631,0.0334499
dataset_1,520,0,3602,0.0102694,0.00824639,0.00838102,0.015611
dataset_1,521,0,3603,0.0100093,0.0296907,0.00969529,0.0327982
dataset_1,522,0,3604,0.0109311,0.00832384,0.00709414,0.0154629
dataset_1,523,0,3605,0.0100078,0.0374766,0.00972034,0.0399892
dataset_1,524,0,3606,0.0190684,0.00846563,0.00709339,0.022036
dataset_1,525,0,3607,0.0199914,0.0234387,0.009707,0.0322994
dataset_1,526,0,3608,0.0100107,0.0187054,0.0096734,0.023317
dataset_1,527,0,3609,0.0199904,0.0203107,0.00969093,0.0301008
dataset_1,528,0,3610,0.0199825,0.00914834,0.00958165,0.023975
dataset_1,529,0,3611,0.0150065,0.0418627,0.005,0.0447513
dataset_1,530,0,3612,0.0100108,0.0249954,0.00967136,0.0286098
dataset_1,531,0,3613,0.0100155,0.0106881,0.00960608,0.0175164
dataset_1,532,0,3614,0.0100256,0.0420341,0.00949431,0.0442439
dataset_1,533,0,3615,0.0103868,0.0421288,0.00807179,0.0441347
dataset_1,534,0,3616,0.0198262,0.0417115,0.00869326,0.0469947
dataset_1,535,0,3617,0.0199893,0.0171586,0.00967306,0.0280635
dataset_1,536,0,3618,0.0134327,0.00825443,0.00525199,0.016618
dataset_1,537,0,3619,0.0165387,0.0418236,0.00524266,0.0452795
dataset_1,538,0,3620,0.0179743,0.00840172,0.00598085,0.0207228
dataset_1,539,0,3621,0.0100097,0.0155437,0.00968893,0.0208728
dataset_1,540,0,3622,0.0100109,0.0202802,0.0096694,0.0245968
dataset_1,541,0,3623,0.0100055,0.0390187,0.00976456,0.0414478
dataset_1,542,0,3624,0.0199809,0.0387946,0.00956386,0.0446736
dataset_1,543,0,3625,0.0199435,0.0402787,0.00925025,0.0458878
dataset_1,544,0,3626,0.0197553,0.0350042,0.00845508,0.0410737
dataset_1,545,0,3627,0.010272,0.0147111,0.00837328,0.0198
dataset_1,546,0,3628,0.0197642,0.0116033,0.00848268,0.024438
dataset_1,547,0,3629,0.0157206,0.0404857,0.0050522,0.0437236
dataset_1,548,0,3630,0.0172047,0.0404282,0.00551232,0.0442812
dataset_1,549,0,3631,0.0104102,0.00982808,0.00801657,0.0164082
dataset_1,550,0,3632,0.0141864,0.00961831,0.00506663,0.0178728
dataset_1,551,0,3633,0.0102831,0.0335976,0.00834137,0.0361126
dataset_1,552,0,3634,0.0102848,0.0194653,0.00833647,0.0235409
dataset_1,553,0,3635,0.0102788,0.0273466,0.00835381,0.0303855
dataset_1,554,0,3636,0.0197207,0.0288912,0.00835232,0.0359635
dataset_1,555,0,3637,0.0185029,0.0403683,0.00643214,0.0448701
dataset_1,556,0,3638,0.0102633,0.038255,0.0083989,0.0404885
dataset_1,557,0,3639,0.019714,0.0147325,0.00833326,0.0259833
dataset_1,558,0,3640,0.0197174,0.0179542,0.00834279,0.0279416
dataset_1,559,0,3641,0.0102828,0.016286,0.00834235,0.0209896
dataset_1,560,0,3642,0.0172867,0.00976996,0.00555352,0.0206185
dataset_1,561,0,3643,0.0197154,0.0163565,0.00833719,0.0269396
dataset_1,562,0,3644,0.0197448,0.0335008,0.00842308,0.0397884
dataset_1,563,0,3645,0.019725,0.027336,0.00836455,0.0347318
dataset_1,564,0,3646,0.0102894,0.0226336,0.00832365,0.026219
dataset_1,565,0,3647,0.0197319,0.0319748,0.0083848,0.0384973
dataset_1,566,0,3648,0.0127006,0.00966384,0.00556011,0.0169
dataset_1,567,0,3649,0.0102354,0.0397297,0.008484,0.041895
dataset_1,568,0,3650,0.0102728,0.0304773,0.00837106,0.0332335
dataset_1,569,0,3651,0.0194399,0.0404359,0.00770057,0.0455222
dataset_1,570,0,3652,0.0102734,0.0289123,0.00836918,0.0318042
dataset_1,571,0,3653,0.0197319,0.0226616,0.0083848,0.0311962
dataset_1,572,0,3654,0.0102806,0.0351464,0.00834855,0.0375587
dataset_1,573,0,3655,0.0197147,0.0130946,0.00833509,0.025092
dataset_1,574,0,3656,0.0197306,0.0257796,0.00838089,0.033528
dataset_1,575,0,3657,0.0102873,0.0210524,0.00832962,0.0248679
dataset_1,576,0,3658,0.0114173,0.00971951,0.00651223,0.0163473
dataset_1,577,0,3659,0.0102676,0.0366937,0.00838613,0.0390151
dataset_1,578,0,3660,0.0195894,0.0100144,0.00801565,0.0234154
dataset_1,579,0,3661,0.0197336,0.0242208,0.00838969,0.0323489
dataset_1,580,0,3662,0.010283,0.0178806,0.00834169,0.0222495
dataset_1,581,0,3663,0.0197268,0.021101,0.00836984,0.0300742
dataset_1,582,0,3664,0.010289,0.0242093,0.00832483,0.0275909
dataset_1,583,0,3665,0.0197227,0.030439,0.00835791,0.0372205
dataset_1,584,0,3666,0.0102734,0.011562,0.00836939,0.0175861
dataset_1,585,0,3667,0.0141974,0.0405321,0.00506484,0.0432443
dataset_1,586,0,3668,0.0102854,0.0257789,0.00833483,0.0289795
dataset_1,587,0,3669,0.011547,0.0406096,0.00638385,0.0426992
dataset_1,588,0,3670,0.019707,0.0379659,0.00831344,0.0435762
dataset_1,589,0,3671,0.0102423,0.0131764,0.00846233,0.0187119
dataset_1,590,0,3672,0.0102777,0.0320398,0.00835694,0.0346701
dataset_1,591,0,3673,0.0157633,0.0096401,0.00505861,0.0191573
dataset_1,592,0,3674,0.0186081,0.00997068,0.0065386,0.0221005
dataset_1,593,0,3675,0.0197433,0.0365061,0.00841842,0.0423481
dataset_1,594,0,3676,0.0197214,0.0195338,0.00835433,0.0289879
dataset_1,595,0,3677,0.0127711,0.0405793,0.00552426,0.0428987
dataset_1,596,0,3678,0.0101866,0.041028,0.00864678,0.0431489
dataset_1,597,0,3679,0.0191097,0.0203397,0.00715213,0.0288104
dataset_1,598,0,3680,0.0192211,0.0356995,0.00732001,0.0412006
dataset_1,599,0,3681,0.0197032,0.0392832,0.00830303,0.044725
dataset_1,600,0,3682,0.0148697,0.0391663,0.0050017,0.0421915
dataset_1,601,0,3683,0.0163774,0.039096,0.00519347,0.0427047
dataset_1,602,0,3684,0.0106753,0.0407456,0.0074907,0.0427817
dataset_1,603,0,3685,0.0190748,0.0118414,0.00710242,0.0235481
dataset_1,604,0,3686,0.0190976,0.0187675,0.0071347,0.0277099
dataset_1,605,0,3687,0.0108368,0.0374698,0.0072309,0.03967
dataset_1,606,0,3688,0.0107102,0.0124601,0.00743141,0.018033
dataset_1,607,0,3689,0.0191388,0.0234465,0.00719461,0.0311094
dataset_1,608,0,3690,0.0109058,0.0328279,0.00712984,0.0353192
dataset_1,609,0,3691,0.0109246,0.0249961,0.00710325,0.0281888
dataset_1,610,0,3692,0.0164684,0.0110379,0.00522048,0.0205011
dataset_1,611,0,3693,0.0178858,0.0113372,0.00591688,0.0219874
dataset_1,612,0,3694,0.019141,0.0327364,0.0071979,0.0385987
dataset_1,613,0,3695,0.0191818,0.0342389,0.00725911,0.0399117
dataset_1,614,0,3696,0.0191009,0.0281035,0.0071395,0.0347221
dataset_1,615,0,3697,0.0191063,0.0312073,0.00714718,0.0372831
dataset_1,616,0,3698,0.0190919,0.0171737,0.00712661,0.02665
dataset_1,617,0,3699,0.0134226,0.0110372,0.00525534,0.018155
dataset_1,618,0,3700,0.0109154,0.0153921,0.00711624,0.0201669
dataset_1,619,0,3701,0.0120919,0.0392917,0.00593271,0.0415361
dataset_1,620,0,3702,0.0109818,0.0111518,0.00702443,0.0171553
dataset_1,621,0,3703,0.0177835,0.0390058,0.00584646,0.0432653
dataset_1,622,0,3704,0.0109237,0.034385,0.00710455,0.0367713
dataset_1,623,0,3705,0.0190932,0.0138423,0.00712841,0.0246368
dataset_1,624,0,3706,0.0191205,0.0265501,0.00716784,0.0334945
dataset_1,625,0,3707,0.0109046,0.0186257,0.0071316,0.0227308
dataset_1,626,0,3708,0.0109123,0.0202256,0.00712059,0.0240594
dataset_1,627,0,3709,0.019095,0.0155483,0.00713108,0.0256363
dataset_1,628,0,3710,0.0120747,0.0111202,0.00594504,0.0174585
dataset_1,629,0,3711,0.0108993,0.0359303,0.00713918,0.0382198
dataset_1,630,0,3712,0.010922,0.0218219,0.00710698,0.0254164
dataset_1,631,0,3713,0.0108647,0.0138301,0.00718939,0.019
dataset_1,632,0,3714,0.014925,0.0109577,0.00500056,0.0191789
dataset_1,633,0,3715,0.010901,0.017023,0.00713679,0.021437
dataset_1,634,0,3716,0.0191259,0.0218955,0.00717566,0.029945
dataset_1,635,0,3717,0.0109283,0.0234134,0.00709805,0.0267955
dataset_1,636,0,3718,0.0108865,0.0281396,0.00715768,0.0310095
dataset_1,637,0,3719,0.010874,0.029702,0.00717585,0.0324337
dataset_1,638,0,3720,0.0109074,0.0265729,0.00712757,0.0295955
dataset_1,639,0,3721,0.0190926,0.0296606,0.00712754,0.0359872
dataset_1,640,0,3722,0.0108816,0.0312646,0.00716465,0.0338706
dataset_1,641,0,3723,0.0190083,0.0388444,0.00701115,0.0438105
dataset_1,642,0,3724,0.0191565,0.0372013,0.00722084,0.0424623
dataset_1,643,0,3725,0.0191374,0.0249981,0.00719251,0.0322936
dataset_1,644,0,3726,0.0109145,0.0391825,0.00711755,0.0412923
dataset_1,645,0,3727,0.013405,0.0392111,0.00526121,0.0417719
dataset_1,646,0,3728,0.0118034,0.032045,0.00615533,0.0346999
dataset_1,647,0,3729,0.0182409,0.0257573,0.00619253,0.0321639
dataset_1,648,0,3730,0.0117916,0.0367452,0.00616514,0.0390802
dataset_1,649,0,3731,0.0115902,0.0381153,0.00634302,0.0403403
dataset_1,650,0,3732,0.0140188,0.0378386,0.00509722,0.0406727
dataset_1,651,0,3733,0.011542,0.0125896,0.00638855,0.0182354
dataset_1,652,0,3734,0.0169271,0.0376602,0.00538629,0.0416393
dataset_1,653,0,3735,0.0181769,0.019601,0.00613898,0.0274278
dataset_1,654,0,3736,0.0118202,0.0273875,0.00614139,0.0304551
dataset_1,655,0,3737,0.0154999,0.037821,0.00502505,0.0411816
dataset_1,656,0,3738,0.0181801,0.0375768,0.00614162,0.042193
dataset_1,657,0,3739,0.0118917,0.0242036,0.00608357,0.0276448
dataset_1,658,0,3740,0.0183707,0.0350074,0.00630695,0.0400347
dataset_1,659,0,3741,0.0141467,0.0123555,0.00507336,0.0194558
dataset_1,660,0,3742,0.0118171,0.0177652,0.00614393,0.0222035
dataset_1,661,0,3743,0.0185044,0.0363193,0.00643359,0.0412662
dataset_1,662,0,3744,0.0182907,0.0335235,0.0062355,0.0386944
dataset_1,663,0,3745,0.018149,0.0288619,0.00611624,0.0346382
dataset_1,664,0,3746,0.0181608,0.0180172,0.00612578,0.0263051
dataset_1,665,0,3747,0.0118339,0.0193652,0.00613012,0.0235081
dataset_1,666,0,3748,0.0126742,0.0378738,0.00557387,0.0403253
dataset_1,667,0,3749,0.0181894,0.027297,0.0061493,0.0333736
dataset_1,668,0,3750,0.0118796,0.0336122,0.00609321,0.0361667
dataset_1,669,0,3751,0.0181986,0.0319969,0.00615698,0.0373216
dataset_1,670,0,3752,0.0181585,0.016408,0.00612392,0.0252281
dataset_1,671,0,3753,0.0118532,0.0209765,0.00611446,0.0248575
dataset_1,672,0,3754,0.0181701,0.0130507,0.00613342,0.0231968
dataset_1,673,0,3755,0.0117717,0.0289402,0.00618185,0.0318484
dataset_1,674,0,3756,0.0182469,0.0226906,0.00619772,0.0297695
dataset_1,675,0,3757,0.011881,0.0225887,0.00609207,0.0262397
dataset_1,676,0,3758,0.0182672,0.0242225,0.00621507,0.0309684
dataset_1,677,0,3759,0.0181903,0.0147763,0.00615006,0.0242291
dataset_1,678,0,3760,0.0118663,0.0258067,0.00610385,0.0290526
dataset_1,679,0,3761,0.0181454,0.0304374,0.0061133,0.0359592
dataset_1,680,0,3762,0.011758,0.0304884,0.00619353,0.0332589
dataset_1,681,0,3763,0.0118052,0.0161465,0.00615382,0.0209271
dataset_1,682,0,3764,0.0156102,0.0122168,0.00503737,0.0204525
dataset_1,683,0,3765,0.0169962,0.0124884,0.00541577,0.0217752
dataset_1,684,0,3766,0.0182056,0.0211585,0.00616277,0.0285851
dataset_1,685,0,3767,0.0119089,0.0352095,0.00606997,0.0376613
dataset_1,686,0,3768,0.0119749,0.0142903,0.00601898,0.0195918
dataset_1,687,0,3769,0.0127641,0.0126075,0.0055278,0.018773
dataset_1,688,0,3770,0.0130471,0.0217088,0.00539714,0.0258965
dataset_1,689,0,3771,0.0169178,0.0296276,0.00538241,0.0345395
dataset_1,690,0,3772,0.0172983,0.0343804,0.00555951,0.0388864
dataset_1,691,0,3773,0.0170841,0.0219978,0.00545507,0.0283818
dataset_1,692,0,3774,0.0146635,0.0366389,0.00501133,0.0397811
dataset_1,693,0,3775,0.013171,0.0344056,0.00534654,0.0372264
dataset_1,694,0,3776,0.0169961,0.0188891,0.00541574,0.0259807
dataset_1,695,0,3777,0.0128622,0.0312482,0.00548006,0.0342333
dataset_1,696,0,3778,0.0169894,0.028007,0.00541282,0.0332014
dataset_1,697,0,3779,0.0129821,0.0184759,0.00542526,0.0232234
dataset_1,698,0,3780,0.0129401,0.0282386,0.00544404,0.0315357
dataset_1,699,0,3781,0.0169754,0.0172826,0.00540677,0.024821
dataset_1,700,0,3782,0.0132075,0.0362265,0.00533235,0.038926
dataset_1,701,0,3783,0.0130238,0.0327653,0.00540713,0.035671
dataset_1,702,0,3784,0.0171075,0.0328564,0.00546585,0.0374445
dataset_1,703,0,3785,0.0131167,0.0233691,0.00536825,0.0273309
dataset_1,704,0,3786,0.0130076,0.020083,0.0054141,0.0245324
dataset_1,705,0,3787,0.0170694,0.0264526,0.00544835,0.0319498
dataset_1,706,0,3788,0.0159845,0.0364261,0.00509788,0.0401043
dataset_1,707,0,3789,0.0170269,0.0204628,0.00542927,0.0271683
dataset_1,708,0,3790,0.0149417,0.013423,0.00500034,0.0206987
dataset_1,709,0,3791,0.0171839,0.0249681,0.00550217,0.0308053
dataset_1,710,0,3792,0.0169722,0.0156573,0.0054054,0.0237155
dataset_1,711,0,3793,0.0131082,0.0250367,0.00537173,0.0287665
dataset_1,712,0,3794,0.0169547,0.0312606,0.00539793,0.0359697
dataset_1,713,0,3795,0.0128385,0.0297332,0.00549133,0.0328489
dataset_1,714,0,3796,0.0128751,0.0154391,0.00547396,0.020835
dataset_1,715,0,3797,0.0136856,0.0141225,0.00517585,0.0203354
dataset_1,716,0,3798,0.0173977,0.0360825,0.00561237,0.040449
dataset_1,717,0,3799,0.0171122,0.0140907,0.00546806,0.0228315
dataset_1,718,0,3800,0.0171879,0.0234747,0.00550409,0.0296105
dataset_1,719,0,3801,0.0129483,0.0169032,0.00544034,0.0219767
dataset_1,720,0,3802,0.0130219,0.0266732,0.00540793,0.0301707
dataset_1,721,0,3803,0.0161031,0.0134267,0.00512319,0.0215832
dataset_1,722,0,3804,0.0144547,0.0333739,0.00502982,0.0367159
dataset_1,723,0,3805,0.014766,0.0351032,0.00500548,0.0384099
dataset_1,724,0,3806,0.0143971,0.0260111,0.00503648,0.0301533
dataset_1,725,0,3807,0.0156878,0.0198019,0.00504753,0.0257623
dataset_1,726,0,3808,0.0161137,0.0242183,0.00512562,0.0295372
dataset_1,727,0,3809,0.0139235,0.0304808,0.00511726,0.0338988
dataset_1,728,0,3810,0.0158354,0.0228973,0.00507028,0.0282976
dataset_1,729,0,3811,0.0154306,0.0304611,0.00501858,0.0345133
dataset_1,730,0,3812,0.014274,0.0175325,0.00505299,0.0231661
dataset_1,731,0,3813,0.0156599,0.0181975,0.00504374,0.0245321
dataset_1,732,0,3814,0.0156161,0.0286698,0.00503811,0.0330333
dataset_1,733,0,3815,0.0142484,0.031809,0.00505681,0.0352193
dataset_1,734,0,3816,0.0159305,0.0338077,0.00508734,0.0377177
dataset_1,735,0,3817,0.0144093,0.0223989,0.00503501,0.0271052
dataset_1,736,0,3818,0.0142962,0.0276231,0.00504979,0.0315105
dataset_1,737,0,3819,0.0143043,0.0191489,0.00504864,0.0244291
dataset_1,738,0,3820,0.0141903,0.0158824,0.005066,0.0218924
dataset_1,739,0,3821,0.0157088,0.0270626,0.00505049,0.0316964
dataset_1,740,0,3822,0.0143391,0.0207589,0.00504387,0.025729
dataset_1,741,0,3823,0.0157375,0.0213765,0.00505469,0.0270218
dataset_1,742,0,3824,0.0156203,0.0165525,0.00503863,0.0233102
dataset_1,743,0,3825,0.0146086,0.0242115,0.00501535,0.0287187
dataset_1,744,0,3826,0.0157092,0.0322422,0.00505055,0.0362194
dataset_1,745,0,3827,0.0141875,0.0291517,0.00506645,0.0328143
dataset_1,746,0,3828,0.0155347,0.0148215,0.00502867,0.022052
dataset_1,747,0,3829,0.0162896,0.0351446,0.00516916,0.0390796
dataset_1,748,0,3830,0.0158309,0.0255361,0.00506953,0.0304698
