Points_0,Points_1,Points_2,Temperature
0.015,0.05,0.015,34.4362
0.015,0.0,0.015,34.7187
0.0165451,0.05,0.0147553,34.3435
0.0179389,0.05,0.0140451,34.2661
0.0190451,0.05,0.0129389,34.1384
0.0197553,0.05,0.0115451,33.9532
0.02,0.05,0.01,33.7259
0.0197553,0.05,0.00845492,33.4948
0.0190451,0.05,0.00706107,33.2828
0.0179389,0.05,0.00595492,33.1114
0.0165451,0.05,0.00524472,33.0074
0.015,0.05,0.005,32.996
0.0134549,0.05,0.00524472,33.088
0.0120611,0.05,0.00595492,33.2711
0.0109549,0.05,0.00706107,33.5042
0.0102447,0.05,0.00845492,33.77
0.01,0.05,0.01,34.0327
0.0102447,0.05,0.0115451,34.2638
0.0109549,0.05,0.0129389,34.422
0.0120611,0.05,0.0140451,34.4903
0.0134549,0.05,0.0147553,34.4607
0.0165451,0.0,0.0147553,34.6408
0.0179389,0.0,0.0140451,34.5915
0.0190451,0.0,0.0129389,34.4633
0.0197553,0.0,0.0115451,34.253
0.02,0.0,0.01,33.9945
0.0197553,0.0,0.00845492,33.7272
0.0190451,0.0,0.00706107,33.4823
0.0179389,0.0,0.00595492,33.2816
0.0165451,0.0,0.00524472,33.1551
0.015,0.0,0.005,33.1233
0.0134549,0.0,0.00524472,33.207
0.0120611,0.0,0.00595492,33.3848
0.0109549,0.0,0.00706107,33.6203
0.0102447,0.0,0.00845492,33.8924
0.01,0.0,0.01,34.1779
0.0102447,0.0,0.0115451,34.4393
0.0109549,0.0,0.0129389,34.6231
0.0120611,0.0,0.0140451,34.7174
0.0134549,0.0,0.0147553,34.7297
0.015,0.0015625,0.015,34.7382
0.015,0.003125,0.015,34.8794
0.015,0.0046875,0.015,35.1124
0.015,0.00625,0.015,35.4329
0.015,0.0078125,0.015,35.8203
0.015,0.009375,0.015,36.2362
0.015,0.0109375,0.015,36.6311
0.015,0.0125,0.015,36.9177
0.015,0.0140625,0.015,37.0812
0.015,0.015625,0.015,37.1563
0.015,0.0171875,0.015,37.1528
0.015,0.01875,0.015,37.1155
0.015,0.0203125,0.015,37.0598
0.015,0.021875,0.015,37.0017
0.015,0.0234375,0.015,36.9498
0.015,0.025,0.015,36.9151
0.015,0.0265625,0.015,36.8927
0.015,0.028125,0.015,36.8823
0.015,0.0296875,0.015,36.8822
0.015,0.03125,0.015,36.8767
0.015,0.0328125,0.015,36.8556
0.015,0.034375,0.015,36.8007
0.015,0.0359375,0.015,36.691
0.015,0.0375,0.015,36.5003
0.015,0.0390625,0.015,36.2086
0.015,0.040625,0.015,35.8399
0.015,0.0421875,0.015,35.4523
0.015,0.04375,0.015,35.0866
0.015,0.0453125,0.015,34.7917
0.015,0.046875,0.015,34.5822
0.015,0.0484375,0.015,34.451
0.0136253,0.0478279,0.0148073,34.5505
0.0136666,0.0445359,0.0148189,34.9723
0.0136993,0.0413797,0.0148278,35.677
0.0136651,0.0382736,0.0148185,36.3871
0.0136576,0.0351549,0.0148164,36.7861
0.0136565,0.0320309,0.0148161,36.9186
0.0136561,0.028906,0.014816,36.9395
0.0136554,0.0257808,0.0148158,36.9645
0.0136547,0.0226553,0.0148156,37.0309
0.0136543,0.0195292,0.0148155,37.1172
0.0136539,0.0164022,0.0148154,37.1586
0.0136554,0.0132785,0.0148158,36.9817
0.0136679,0.0101687,0.0148193,36.4227
0.013626,0.00704773,0.0148075,35.6174
0.013525,0.00395708,0.0147775,35.0099
0.0128678,0.001361,0.0145226,34.7587
0.010568,0.00130636,0.0123146,34.5691
0.0100555,0.00137317,0.00925685,34.0552
0.0114536,0.00137665,0.00647538,33.4998
0.0142155,0.00137366,0.00506193,33.1527
0.0172726,0.00137905,0.00554632,33.2103
0.0194526,0.00137924,0.00772523,33.6043
0.0199429,0.0013461,0.0107536,34.1357
0.0185713,0.00138338,0.0134994,34.5576
0.0163618,0.0021555,0.014811,34.7412
0.0163372,0.00544868,0.0148179,35.1969
0.0163333,0.00860013,0.014819,35.9328
0.0163477,0.0117142,0.0148149,36.6437
0.0163476,0.0148388,0.014815,36.9675
0.0163456,0.0179662,0.0148155,36.9795
0.016344,0.0210928,0.014816,36.8687
0.0163431,0.0242184,0.0148162,36.7725
0.0163429,0.0273432,0.0148163,36.7227
0.0163424,0.0304673,0.0148164,36.7055
0.0163444,0.0335932,0.0148159,36.6513
0.0163609,0.0367254,0.0148112,36.4246
0.0164023,0.0398638,0.0147993,35.8645
0.0164203,0.0429879,0.014794,35.1428
0.0163768,0.0460695,0.0148067,34.6007
0.017091,0.048641,0.0145418,34.3439
0.0194287,0.0486272,0.0123208,34.0774
0.0199436,0.0486259,0.00925106,33.6207
0.0185496,0.0486291,0.00647863,33.1961
0.0157969,0.0486415,0.00506391,32.9914
0.0127534,0.0486572,0.00553313,33.1698
0.0105678,0.0486693,0.00768572,33.6326
0.0100514,0.0486565,0.0107148,34.1591
0.0114069,0.0485814,0.013477,34.4952
0.013584,0.0461656,0.0147953,34.7191
0.0137066,0.0429447,0.0148298,35.2996
0.0136781,0.0398274,0.0148221,36.0552
0.0136594,0.0367159,0.0148169,36.633
0.0136568,0.0335932,0.0148162,36.8753
0.0136563,0.0304686,0.0148161,36.9348
0.0136558,0.0273435,0.0148159,36.9478
0.013655,0.0242181,0.0148157,36.9908
0.0136545,0.0210923,0.0148156,37.0728
0.0136541,0.0179655,0.0148154,37.1486
0.013654,0.014839,0.0148154,37.1072
0.0136603,0.0117219,0.0148172,36.7535
0.0136638,0.00861207,0.0148181,36.0094
0.0135589,0.00548666,0.0147878,35.2647
0.0136481,0.00256225,0.0148138,34.8511
0.0115304,0.00134807,0.0136003,34.7125
0.0100704,0.00135839,0.0108362,34.3389
0.0105331,0.00137749,0.00775349,33.7617
0.0127226,0.00137501,0.00554876,33.2882
0.0157835,0.00137474,0.00506178,33.1275
0.0185365,0.00138187,0.00646543,33.3785
0.0199357,0.00136575,0.00920064,33.8672
0.019469,0.00134799,0.0122422,34.3818
0.0174666,0.00130993,0.0143492,34.6503
0.0163996,0.00381544,0.0148001,34.9225
0.0163218,0.00703763,0.0148221,35.5505
0.0163434,0.0101558,0.0148161,36.3271
0.0163483,0.0132752,0.0148148,36.8578
0.0163464,0.0164029,0.0148153,36.9977
0.0163447,0.0195298,0.0148158,36.9303
0.0163435,0.0226558,0.0148161,36.8159
0.016343,0.0257809,0.0148163,36.7404
0.0163427,0.0289053,0.0148163,36.7129
0.0163426,0.0320299,0.0148164,36.6886
0.0163495,0.0351582,0.0148144,36.5703
0.0163786,0.0382941,0.0148062,36.1974
0.0164208,0.0414293,0.0147939,35.4893
0.0163897,0.044535,0.014803,34.8354
0.0162846,0.0474542,0.0148322,34.4698
0.0184525,0.0485953,0.0136166,34.2444
0.0199316,0.0486241,0.0108242,33.8602
0.0194666,0.0486272,0.00775296,33.3956
0.0172841,0.0486344,0.00555219,33.0522
0.0142374,0.0486491,0.0050585,33.0309
0.0114919,0.0486651,0.00643726,33.3784
0.0100717,0.048668,0.00915629,33.8998
0.0105143,0.0486248,0.0122088,34.3712
0.0125168,0.0486663,0.0143398,34.5227
0.0123827,0.0452862,0.0142603,34.8552
0.0109319,0.00275466,0.00709304,33.6544
0.0124188,0.0374946,0.0142822,36.3723
0.0125132,0.0421181,0.0143377,35.4477
0.0124127,0.0343737,0.0142785,36.7018
0.0175324,0.00628278,0.0143112,35.2538
0.0124115,0.0312497,0.0142778,36.8256
0.0102966,0.00270138,0.0116964,34.532
0.0124109,0.0281246,0.0142774,36.8683
0.0177,0.0470834,0.0142083,34.4064
0.0124095,0.024999,0.0142766,36.9073
0.0124083,0.0218726,0.0142759,36.9589
0.0124079,0.0187444,0.0142756,36.9984
0.0124073,0.0156138,0.0142752,36.9502
0.0124104,0.0124925,0.0142771,36.6615
0.0124416,0.00941475,0.0142959,36.0778
0.0123115,0.00630752,0.0142157,35.3699
0.0121368,0.00295659,0.014099,34.8568
0.013447,0.00274615,0.00524731,33.2223
0.0124118,0.0328119,0.014278,36.7804
0.0109937,0.00251477,0.0129915,34.7161
0.0175962,0.0109257,0.0142732,36.2114
0.0120435,0.00274997,0.00596772,33.4056
0.0165503,0.00275315,0.00524643,33.1699
0.0190475,0.00277047,0.00706438,33.5058
0.0199998,0.00271834,0.00995962,34.0387
0.0190698,0.00270081,0.0129046,34.5442
0.0178137,0.00288605,0.0141332,34.7251
0.017596,0.0140494,0.0142732,36.6045
0.0124142,0.0359355,0.0142794,36.5711
0.0175905,0.00466745,0.0142766,34.9569
0.0175975,0.0124852,0.0142724,36.4465
0.0175925,0.0171815,0.0142754,36.6897
0.0175895,0.0203104,0.0142772,36.6307
0.0175876,0.0234368,0.0142783,36.5419
0.0175873,0.0265618,0.0142785,36.4785
0.0175866,0.0296848,0.014279,36.4368
0.0175866,0.0328082,0.014279,36.3725
0.0176037,0.0359388,0.0142686,36.1841
0.0176689,0.0390881,0.0142281,35.7412
0.0177472,0.0422448,0.0141777,35.0992
0.0176197,0.0453497,0.0142588,34.6066
0.0197279,0.0472463,0.0116268,34.0319
0.0189911,0.0472811,0.0130118,34.2415
0.0125071,0.0436781,0.0143342,35.1215
0.012144,0.0470591,0.014104,34.6245
0.0197732,0.047258,0.00851114,33.532
0.0179659,0.0472631,0.00597468,33.1349
0.0150307,0.0472894,0.00500009,33.0125
0.0121107,0.04732,0.00591933,33.2752
0.0102826,0.0473386,0.00834289,33.7794
0.0101975,0.0473021,0.0113916,34.3172
0.0124299,0.0390492,0.0142889,36.0968
0.0124103,0.0265619,0.0142771,36.8859
0.0124113,0.0296873,0.0142777,36.851
0.0124618,0.0405886,0.0143079,35.7784
0.0102254,0.00275112,0.00851564,33.9477
0.0175857,0.00937516,0.0142795,35.8992
0.0175587,0.00783203,0.0142957,35.5657
0.0124087,0.0234358,0.0142761,36.9311
0.0124082,0.0203091,0.0142758,36.9859
0.0124076,0.0171797,0.0142754,36.9924
0.0124071,0.0140505,0.0142752,36.839
0.0124215,0.0109466,0.0142838,36.4054
0.0124195,0.00787029,0.0142826,35.716
0.0121508,0.00469881,0.0141088,35.0775
0.0179452,0.00276333,0.00595946,33.3019
0.0100012,0.00273468,0.010108,34.2524
0.0150001,0.00274628,0.005,33.1426
0.0197518,0.00275933,0.00844421,33.7626
0.0197757,0.00266528,0.0114807,34.3068
0.0175873,0.0249995,0.0142785,36.5058
0.0175884,0.0218738,0.0142779,36.5837
0.017591,0.018746,0.0142763,36.6723
0.017594,0.0156164,0.0142745,36.6783
0.0175871,0.0281235,0.0142787,36.4609
0.0175859,0.0312461,0.0142794,36.4104
0.017591,0.0343722,0.0142763,36.3033
0.0176293,0.0375108,0.0142528,36.0094
0.0177155,0.0406675,0.0141983,35.4199
0.0177172,0.0438043,0.0141972,34.8252
0.0199994,0.0472514,0.0100753,33.7806
0.019072,0.0472548,0.00709849,33.3089
0.0165696,0.0472751,0.00525276,33.0242
0.0134927,0.0473039,0.00523261,33.0974
0.0110075,0.0473337,0.00699007,33.5121
0.0100021,0.0473317,0.00985597,34.0613
0.0108834,0.0472185,0.0128379,34.5211
0.011356,0.0273431,0.0134236,36.6353
0.011357,0.0304685,0.0134247,36.5731
0.0187691,0.0446645,0.0132854,34.5239
0.0194628,0.00417479,0.00774542,33.6684
0.011353,0.022653,0.0134205,36.691
0.0113528,0.0195235,0.0134202,36.697
0.0113527,0.0163883,0.0134201,36.6251
0.0113514,0.0132522,0.0134187,36.3898
0.0113747,0.010171,0.0134435,35.9361
0.0113601,0.00719741,0.013428,35.3822
0.0113577,0.0335924,0.0134254,36.4458
0.0195247,0.00391944,0.0121276,34.5055
0.0194959,0.0458773,0.00781219,33.4544
0.0108617,0.00404404,0.0128061,34.8102
0.0127132,0.00412051,0.0055536,33.3204
0.0114778,0.0443112,0.0135488,34.9283
0.0101026,0.00407174,0.0110079,34.4866
0.0100992,0.0460069,0.00900881,33.9489
0.0111497,0.00569075,0.0131898,35.0981
0.0185486,0.00416206,0.00647758,33.4296
0.018707,0.0382891,0.0133553,35.4876
0.0113621,0.0367166,0.0134301,36.1685
0.0186755,0.00408339,0.0133897,34.7399
0.0113592,0.0351541,0.0134271,36.3319
0.0199486,0.00404286,0.0107154,34.24
0.0186413,0.0257807,0.0134265,36.1407
0.0186503,0.0148245,0.0134169,36.2033
0.0186412,0.0242181,0.0134266,36.1801
0.0172823,0.00414164,0.00555126,33.2448
0.018653,0.0132532,0.0134141,36.0945
0.0114399,0.0413481,0.0135108,35.4268
0.010406,0.045949,0.0119735,34.5078
0.0186357,0.00858691,0.0134324,35.4265
0.0186448,0.0195267,0.0134228,36.2615
0.0186468,0.0179611,0.0134206,36.2698
0.0100261,0.0459912,0.0105099,34.2428
0.018641,0.0289026,0.0134268,36.0816
0.0186386,0.0320213,0.0134294,35.9991
0.0186477,0.035144,0.0134197,35.8306
0.0186681,0.036712,0.0133978,35.6818
0.0157882,0.0041249,0.00506251,33.1598
0.0188397,0.0414902,0.0132026,34.9431
0.0199153,0.0458574,0.0109166,33.9822
0.0114372,0.00412889,0.0064919,33.545
0.0115364,0.0428149,0.013606,35.174
0.018656,0.0116856,0.0134108,35.9153
0.0188725,0.043106,0.0131628,34.6917
0.0113538,0.0242168,0.0134213,36.6759
0.0112361,0.0457746,0.0132914,34.7148
0.0173077,0.0459032,0.0055644,33.088
0.0142652,0.0459437,0.00505428,33.053
0.0115445,0.0459898,0.00638625,33.4002
0.0106203,0.0460068,0.00758783,33.6646
0.0113549,0.0257801,0.0134225,36.6576
0.0113567,0.0289059,0.0134243,36.6096
0.0105116,0.00414018,0.00779685,33.8377
0.0113678,0.0382792,0.0134361,35.9485
0.0186553,0.0101269,0.0134116,35.6898
0.0194019,0.0458472,0.0123713,34.2384
0.0186418,0.0226551,0.013426,36.2081
0.0113572,0.0320307,0.0134249,36.5215
0.0186486,0.0163943,0.0134187,36.256
0.019953,0.0459078,0.00931572,33.705
0.0185872,0.00708324,0.0134831,35.1858
0.0100446,0.00411646,0.00933339,34.1511
0.0113527,0.0210883,0.0134201,36.7005
0.0113527,0.0179576,0.0134201,36.676
0.0113522,0.0148201,0.0134196,36.5387
0.0113546,0.0116967,0.0134222,36.1764
0.0114234,0.00869632,0.013494,35.6783
0.0142131,0.0041197,0.00506231,33.1829
0.0187693,0.0398814,0.0132852,35.2161
0.0199374,0.00414786,0.00921157,33.9521
0.0186415,0.0273425,0.0134263,36.1075
0.0185621,0.0460519,0.0135088,34.4143
0.0185307,0.00560273,0.0135404,34.972
0.0113843,0.0398325,0.0134535,35.6939
0.0186431,0.0210916,0.0134246,36.2378
0.01864,0.0304628,0.0134279,36.0455
0.0186399,0.0335824,0.013428,35.9323
0.0185782,0.0458857,0.00650762,33.2392
0.015816,0.045922,0.00506703,33.0182
0.0127934,0.0459655,0.00551327,33.191
0.0135233,0.0446042,0.00522304,33.1313
0.0194271,0.0249996,0.0123239,35.7281
0.0194234,0.03279,0.012331,35.5138
0.0191122,0.0445018,0.00715578,33.3843
0.0195783,0.0406613,0.0120098,34.7051
0.0106247,0.0446282,0.0124201,34.7091
0.0150025,0.00549904,0.005,33.1773
0.0107058,0.00804354,0.0125613,35.2964
0.0105662,0.0203017,0.0123111,36.2682
0.0105669,0.0171636,0.0123125,36.189
0.0105673,0.0140132,0.0123132,35.9963
0.010566,0.0108671,0.0123109,35.6338
0.0199997,0.00554225,0.010053,34.1891
0.01943,0.0203082,0.0123185,35.7896
0.0105715,0.034372,0.0123214,35.963
0.010566,0.0218675,0.0123107,36.2811
0.0199984,0.0446513,0.0101271,33.9149
0.019068,0.00557953,0.00709281,33.5788
0.0105707,0.0296876,0.0123198,36.1845
0.0103287,0.00538993,0.011783,34.7648
0.0192406,0.00504162,0.012649,34.7141
0.0194461,0.00929404,0.0122875,35.1412
0.0197729,0.00529019,0.0114897,34.4847
0.0197769,0.00562633,0.00852325,33.8666
0.0179611,0.00554981,0.00597109,33.3527
0.0105966,0.040661,0.0123685,35.2345
0.0194361,0.0140248,0.0123067,35.6505
0.0100022,0.00545012,0.0101484,34.4073
0.0101217,0.0446454,0.0110964,34.4526
0.0194273,0.0296791,0.0123236,35.6207
0.0194349,0.0359024,0.012309,35.3084
0.0165603,0.00551679,0.00524968,33.2072
0.0134424,0.00549378,0.0052488,33.2621
0.0106807,0.0421568,0.0125187,35.0527
0.0194392,0.0124438,0.0123007,35.5237
0.0165835,0.0445502,0.00525738,33.0654
0.0196869,0.0441793,0.0117416,34.2686
0.0105665,0.0234333,0.0123117,36.2808
0.0108473,0.0434439,0.0127848,34.9216
0.010012,0.0446651,0.00965381,34.1502
0.017989,0.0445258,0.00599177,33.1843
0.015041,0.0445753,0.00500017,33.0435
0.0110657,0.0446704,0.00691437,33.5557
0.0105675,0.0249976,0.0123137,36.2693
0.0105739,0.0359338,0.0123259,35.8353
0.0109181,0.00551924,0.00711248,33.7275
0.0194281,0.0281217,0.0123221,35.6614
0.0105779,0.0375001,0.0123334,35.6644
0.0194452,0.010866,0.0122891,35.354
0.0194273,0.0234368,0.0123236,35.7541
0.0194256,0.0312364,0.0123269,35.5746
0.0105707,0.0312501,0.0123197,36.1298
0.0103307,0.044685,0.00821182,33.8465
0.0194339,0.0171727,0.0123109,35.7756
0.0102085,0.00555269,0.00857128,34.0582
0.0198117,0.0444896,0.00864068,33.6515
0.0120363,0.00550225,0.00597301,33.4556
0.0105921,0.00935727,0.0123602,35.4316
0.0194283,0.0218733,0.0123217,35.7773
0.0194319,0.0187424,0.0123147,35.7933
0.01942,0.00776487,0.0123374,34.9599
0.0105689,0.0265612,0.0123162,36.2511
0.0195057,0.0390467,0.0121675,34.9451
0.0105706,0.0328114,0.0123196,36.0584
0.0105664,0.0187347,0.0123115,36.2385
0.0105678,0.0155897,0.0123142,36.1143
0.0105639,0.0124334,0.0123068,35.8324
0.0196624,0.0423447,0.0118061,34.4584
0.0194253,0.0343469,0.0123275,35.4258
0.0105257,0.00679731,0.0122318,35.039
0.0194278,0.0265617,0.0123227,35.6962
0.0194354,0.0155989,0.012308,35.7287
0.019344,0.00632059,0.0124759,34.816
0.0105854,0.0390747,0.0123476,35.4592
0.0121576,0.0446359,0.00588649,33.314
0.0194592,0.0374646,0.0122618,35.1519
0.01057,0.0281243,0.0123183,36.2245
0.010107,0.0210788,0.0110288,35.7487
0.0114336,0.00690026,0.00649561,33.6219
0.01991,0.0381746,0.0109444,34.6328
0.0198845,0.0335465,0.0110686,34.9856
0.0198738,0.00678402,0.0111162,34.5322
0.0157933,0.00689076,0.00506334,33.1951
0.0198931,0.0163766,0.0110284,35.2172
0.0101076,0.0179348,0.0110317,35.666
0.0101103,0.0147831,0.0110444,35.5205
0.0199991,0.0430727,0.00990771,33.9681
0.0199728,0.00725397,0.00947909,34.157
0.0101093,0.0273425,0.0110397,35.7254
0.0101052,0.00993149,0.0110204,35.0677
0.0101177,0.0382788,0.0110786,35.1208
0.0101102,0.0289067,0.0110441,35.6898
0.0198884,0.0304512,0.0110506,35.1063
0.0199024,0.0100096,0.0109829,34.8019
0.0101237,0.0398842,0.0111051,34.9539
0.0185639,0.00698351,0.00649302,33.4875
0.0198883,0.0257808,0.0110509,35.2248
0.0100269,0.00712883,0.00948243,34.3583
0.0101098,0.0335911,0.0110423,35.4965
0.0158066,0.0432029,0.00506549,33.0633
0.0128205,0.0432713,0.00550001,33.2459
0.0198893,0.0288983,0.0110462,35.1536
0.0101069,0.0226467,0.0110283,35.7599
0.0194818,0.00701622,0.00778336,33.7611
0.0100088,0.0432821,0.0102969,34.3899
0.0198937,0.0366313,0.0110255,34.7812
0.0172959,0.00693469,0.00555828,33.2885
0.0142113,0.00687009,0.0050626,33.2269
0.0101134,0.0416908,0.0110586,34.7334
0.0102822,0.0432996,0.0116561,34.7074
0.0198926,0.0132111,0.011031,35.0739
0.0100895,0.00660622,0.0109417,34.6968
0.0198935,0.0147935,0.0110263,35.1598
0.0198861,0.0350934,0.0110611,34.8961
0.0101073,0.0242138,0.0110305,35.7596
0.017302,0.043173,0.00556145,33.1347
0.0142662,0.0432342,0.00505414,33.1012
0.0101086,0.0163605,0.0110363,35.6013
0.010111,0.0351491,0.0110476,35.3976
0.0198891,0.0273413,0.0110473,35.1919
0.0101134,0.0367099,0.0110589,35.2727
0.019896,0.0116157,0.0110145,34.9535
0.0198879,0.0242189,0.0110526,35.2497
0.0198893,0.0210909,0.0110461,35.2729
0.0198864,0.0320027,0.0110597,35.0514
0.0101104,0.0304701,0.0110448,35.6405
0.0105131,0.00691276,0.00779375,33.9424
0.0195547,0.043114,0.00793724,33.5662
0.0127091,0.00687898,0.00555571,33.3733
0.0198883,0.0226557,0.0110508,35.2664
0.019981,0.0413491,0.0104354,34.2135
0.0198908,0.0195243,0.0110395,35.2693
0.0199061,0.00838104,0.0109644,34.64
0.0101083,0.0257788,0.0110349,35.7474
0.0199411,0.0397406,0.0107652,34.4404
0.0185983,0.0431471,0.00652838,33.3049
0.0101044,0.0115721,0.0110166,35.2354
0.0198921,0.0179541,0.0110333,35.2519
0.0101073,0.0195097,0.0110305,35.7168
0.0101348,0.00815709,0.0111532,34.9121
0.0106794,0.0433726,0.00748351,33.7392
0.0115928,0.0433175,0.0063406,33.4661
0.01011,0.0320319,0.0110428,35.5766
0.0101098,0.0131871,0.011042,35.3984
0.0101354,0.0433663,0.00884435,34.0537
0.0100089,0.012355,0.009702,34.8325
0.0100103,0.0265605,0.00967991,35.1934
0.0100095,0.031254,0.00969212,35.0767
0.012032,0.00828522,0.00597618,33.5281
0.0199864,0.0107687,0.00963089,34.4293
0.0199933,0.0342855,0.00974099,34.49
0.0100134,0.00900211,0.00963394,34.5561
0.019989,0.0155684,0.00966825,34.6776
0.0199887,0.0373167,0.00966412,34.3038
0.0199912,0.0312187,0.00970319,34.6056
0.0199911,0.0218756,0.00970121,34.7743
0.0179493,0.0417853,0.00596251,33.2442
0.0199905,0.0296704,0.00969154,34.6536
0.0165632,0.00830365,0.00525063,33.2543
0.0199891,0.0139694,0.00967011,34.6201
0.0100111,0.0218566,0.00966715,35.2073
0.0197253,0.00837993,0.00836563,33.9602
0.0100099,0.0328139,0.00968503,35.011
0.0149944,0.0082528,0.005,33.2172
0.0100034,0.0405446,0.00981608,34.5091
0.0100105,0.0171239,0.00967578,35.0861
0.0190878,0.0417747,0.00712082,33.4625
0.0199923,0.0327567,0.00972348,34.5514
0.0199924,0.0358133,0.00972493,34.4078
0.0100112,0.0234266,0.00966612,35.2134
0.0199898,0.0187398,0.00968096,34.7516
0.0135043,0.0419004,0.00522897,33.1968
0.0100096,0.0281258,0.00969005,35.17
0.019991,0.0265607,0.00969939,34.7274
0.0100099,0.0343693,0.0096853,34.935
0.011103,0.0420161,0.00686741,33.6504
0.0121642,0.0419438,0.00588199,33.3922
0.0199905,0.0281173,0.00969181,34.6972
0.0100079,0.0139684,0.00971826,34.9482
0.010009,0.0359218,0.00969988,34.8389
0.0199912,0.0123903,0.00970288,34.5532
0.0199914,0.0250006,0.00970631,34.7499
0.0102694,0.00824639,0.00838102,34.16
0.0100093,0.0296907,0.00969529,35.1316
0.0109311,0.00832384,0.00709414,33.8282
0.0100078,0.0374766,0.00972034,34.7281
0.0190684,0.00846563,0.00709339,33.6649
0.0199914,0.0234387,0.009707,34.768
0.0100107,0.0187054,0.0096734,35.1373
0.0199904,0.0203107,0.00969093,34.768
0.0199825,0.00914834,0.00958165,34.3207
0.0150065,0.0418627,0.005,33.0975
0.0100108,0.0249954,0.00967136,35.2098
0.0100155,0.0106881,0.00960608,34.6728
0.0100256,0.0420341,0.00949431,34.3002
0.0103868,0.0421288,0.00807179,33.9401
0.0198262,0.0417115,0.00869326,33.7917
0.0199893,0.0171586,0.00967306,34.7218
0.0134327,0.00825443,0.00525199,33.3146
0.0165387,0.0418236,0.00524266,33.116
0.0179743,0.00840172,0.00598085,33.4149
0.0100097,0.0155437,0.00968893,35.0236
0.0100109,0.0202802,0.0096694,35.1814
0.0100055,0.0390187,0.00976456,34.6141
0.0199809,0.0387946,0.00956386,34.1838
0.0199435,0.0402787,0.00925025,34.0042
0.0197553,0.0350042,0.00845508,34.0693
0.010272,0.0147111,0.00837328,34.5018
0.0197642,0.0116033,0.00848268,34.1456
0.0157206,0.0404857,0.0050522,33.126
0.0172047,0.0404282,0.00551232,33.2028
0.0104102,0.00982808,0.00801657,34.1328
0.0141864,0.00961831,0.00506663,33.2844
0.0102831,0.0335976,0.00834137,34.4779
0.0102848,0.0194653,0.00833647,34.6443
0.0102788,0.0273466,0.00835381,34.6646
0.0197207,0.0288912,0.00835232,34.2454
0.0185029,0.0403683,0.00643214,33.3775
0.0102633,0.038255,0.0083989,34.2513
0.019714,0.0147325,0.00833326,34.218
0.0197174,0.0179542,0.00834279,34.288
0.0102828,0.016286,0.00834235,34.5591
0.0172867,0.00976996,0.00555352,33.3559
0.0197154,0.0163565,0.00833719,34.2577
0.0197448,0.0335008,0.00842308,34.121
0.019725,0.027336,0.00836455,34.2794
0.0102894,0.0226336,0.00832365,34.6802
0.0197319,0.0319748,0.0083848,34.1623
0.0127006,0.00966384,0.00556011,33.4477
0.0102354,0.0397297,0.008484,34.1826
0.0102728,0.0304773,0.00837106,34.61
0.0194399,0.0404359,0.00770057,33.6381
0.0102734,0.0289123,0.00836918,34.6448
0.0197319,0.0226616,0.0083848,34.3322
0.0102806,0.0351464,0.00834855,34.4071
0.0197147,0.0130946,0.00833509,34.1598
0.0197306,0.0257796,0.00838089,34.3055
0.0102873,0.0210524,0.00832962,34.6667
0.0114173,0.00971951,0.00651223,33.7241
0.0102676,0.0366937,0.00838613,34.3452
0.0195894,0.0100144,0.00801565,33.9352
0.0197336,0.0242208,0.00838969,34.3247
0.010283,0.0178806,0.00834169,34.6108
0.0197268,0.021101,0.00836984,34.3267
0.010289,0.0242093,0.00832483,34.684
0.0197227,0.030439,0.00835791,34.2102
0.0102734,0.011562,0.00836939,34.3435
0.0141974,0.0405321,0.00506484,33.1752
0.0102854,0.0257789,0.00833483,34.6807
0.011547,0.0406096,0.00638385,33.5715
0.019707,0.0379659,0.00831344,33.8983
0.0102423,0.0131764,0.00846233,34.4613
0.0102777,0.0320398,0.00835694,34.5541
0.0157633,0.0096401,0.00505861,33.2468
0.0186081,0.00997068,0.0065386,33.5784
0.0197433,0.0365061,0.00841842,33.9963
0.0197214,0.0195338,0.00835433,34.3117
0.0127711,0.0405793,0.00552426,33.3272
0.0101866,0.041028,0.00864678,34.1533
0.0191097,0.0203397,0.00715213,33.9581
0.0192211,0.0356995,0.00732001,33.7437
0.0197032,0.0392832,0.00830303,33.8346
0.0148697,0.0391663,0.0050017,33.1686
0.0163774,0.039096,0.00519347,33.1841
0.0106753,0.0407456,0.0074907,33.8685
0.0190748,0.0118414,0.00710242,33.7803
0.0190976,0.0187675,0.0071347,33.9382
0.0108368,0.0374698,0.0072309,33.951
0.0107102,0.0124601,0.00743141,34.1008
0.0191388,0.0234465,0.00719461,33.9668
0.0109058,0.0328279,0.00712984,34.0971
0.0109246,0.0249961,0.00710325,34.2424
0.0164684,0.0110379,0.00522048,33.3071
0.0178858,0.0113372,0.00591688,33.4734
0.019141,0.0327364,0.0071979,33.8137
0.0191818,0.0342389,0.00725911,33.7797
0.0191009,0.0281035,0.0071395,33.9092
0.0191063,0.0312073,0.00714718,33.8398
0.0190919,0.0171737,0.00712661,33.9153
0.0134226,0.0110372,0.00525534,33.3882
0.0109154,0.0153921,0.00711624,34.1015
0.0120919,0.0392917,0.00593271,33.4866
0.0109818,0.0111518,0.00702443,33.9359
0.0177835,0.0390058,0.00584646,33.3055
0.0109237,0.034385,0.00710455,34.0305
0.0190932,0.0138423,0.00712841,33.8455
0.0191205,0.0265501,0.00716784,33.9411
0.0109046,0.0186257,0.0071316,34.1981
0.0109123,0.0202256,0.00712059,34.2188
0.019095,0.0155483,0.00713108,33.8915
0.0120747,0.0111202,0.00594504,33.6105
0.0108993,0.0359303,0.00713918,33.9857
0.010922,0.0218219,0.00710698,34.2295
0.0108647,0.0138301,0.00718939,34.0703
0.014925,0.0109577,0.00500056,33.2816
0.010901,0.017023,0.00713679,34.1635
0.0191259,0.0218955,0.00717566,33.971
0.0109283,0.0234134,0.00709805,34.2369
0.0108865,0.0281396,0.00715768,34.222
0.010874,0.029702,0.00717585,34.1955
0.0109074,0.0265729,0.00712757,34.2383
0.0190926,0.0296606,0.00712754,33.8767
0.0108816,0.0312646,0.00716465,34.1593
0.0190083,0.0388444,0.00701115,33.5563
0.0191565,0.0372013,0.00722084,33.6646
0.0191374,0.0249981,0.00719251,33.9617
0.0109145,0.0391825,0.00711755,33.8297
0.013405,0.0392111,0.00526121,33.281
0.0118034,0.032045,0.00615533,33.7992
0.0182409,0.0257573,0.00619253,33.6864
0.0117916,0.0367452,0.00616514,33.6526
0.0115902,0.0381153,0.00634302,33.6562
0.0140188,0.0378386,0.00509722,33.2628
0.011542,0.0125896,0.00638855,33.7923
0.0169271,0.0376602,0.00538629,33.2474
0.0181769,0.019601,0.00613898,33.6767
0.0118202,0.0273875,0.00614139,33.8752
0.0154999,0.037821,0.00502505,33.1923
0.0181801,0.0375768,0.00614162,33.4047
0.0118917,0.0242036,0.00608357,33.8781
0.0183707,0.0350074,0.00630695,33.5229
0.0141467,0.0123555,0.00507336,33.3466
0.0118171,0.0177652,0.00614393,33.8422
0.0185044,0.0363193,0.00643359,33.5147
0.0182907,0.0335235,0.0062355,33.5541
0.018149,0.0288619,0.00611624,33.6275
0.0181608,0.0180172,0.00612578,33.6575
0.0118339,0.0193652,0.00613012,33.8614
0.0126742,0.0378738,0.00557387,33.4281
0.0181894,0.027297,0.0061493,33.6571
0.0118796,0.0336122,0.00609321,33.7374
0.0181986,0.0319969,0.00615698,33.5676
0.0181585,0.016408,0.00612392,33.6302
0.0118532,0.0209765,0.00611446,33.8734
0.0181701,0.0130507,0.00613342,33.5666
0.0117717,0.0289402,0.00618185,33.8661
0.0182469,0.0226906,0.00619772,33.6977
0.011881,0.0225887,0.00609207,33.8755
0.0182672,0.0242225,0.00621507,33.7012
0.0181903,0.0147763,0.00615006,33.6068
0.0118663,0.0258067,0.00610385,33.8869
0.0181454,0.0304374,0.0061133,33.5895
0.011758,0.0304884,0.00619353,33.8454
0.0118052,0.0161465,0.00615382,33.8199
0.0156102,0.0122168,0.00503737,33.3001
0.0169962,0.0124884,0.00541577,33.3855
0.0182056,0.0211585,0.00616277,33.6892
0.0119089,0.0352095,0.00606997,33.6734
0.0119749,0.0142903,0.00601898,33.7107
0.0127641,0.0126075,0.0055278,33.5144
0.0130471,0.0217088,0.00539714,33.6186
0.0169178,0.0296276,0.00538241,33.4434
0.0172983,0.0343804,0.00555951,33.3743
0.0170841,0.0219978,0.00545507,33.5165
0.0146635,0.0366389,0.00501133,33.2517
0.013171,0.0344056,0.00534654,33.4501
0.0169961,0.0188891,0.00541574,33.4904
0.0128622,0.0312482,0.00548006,33.5765
0.0169894,0.028007,0.00541282,33.4749
0.0129821,0.0184759,0.00542526,33.594
0.0129401,0.0282386,0.00544404,33.6143
0.0169754,0.0172826,0.00540677,33.467
0.0132075,0.0362265,0.00533235,33.3882
0.0130238,0.0327653,0.00540713,33.5149
0.0171075,0.0328564,0.00546585,33.3854
0.0131167,0.0233691,0.00536825,33.6166
0.0130076,0.020083,0.0054141,33.6174
0.0170694,0.0264526,0.00544835,33.4998
0.0159845,0.0364261,0.00509788,33.2347
0.0170269,0.0204628,0.00542927,33.5061
0.0149417,0.013423,0.00500034,33.3394
0.0171839,0.0249681,0.00550217,33.5257
0.0169722,0.0156573,0.0054054,33.4364
0.0131082,0.0250367,0.00537173,33.6145
0.0169547,0.0312606,0.00539793,33.4099
0.0128385,0.0297332,0.00549133,33.6077
0.0128751,0.0154391,0.00547396,33.5676
0.0136856,0.0141225,0.00517585,33.4193
0.0173977,0.0360825,0.00561237,33.341
0.0171122,0.0140907,0.00546806,33.4252
0.0171879,0.0234747,0.00550409,33.5231
0.0129483,0.0169032,0.00544034,33.5815
0.0130219,0.0266732,0.00540793,33.6259
0.0161031,0.0134267,0.00512319,33.3522
0.0144547,0.0333739,0.00502982,33.3424
0.014766,0.0351032,0.00500548,33.2707
0.0143971,0.0260111,0.00503648,33.4806
0.0156878,0.0198019,0.00504753,33.4213
0.0161137,0.0242183,0.00512562,33.4585
0.0139235,0.0304808,0.00511726,33.4495
0.0158354,0.0228973,0.00507028,33.4294
0.0154306,0.0304611,0.00501858,33.3594
0.014274,0.0175325,0.00505299,33.4301
0.0156599,0.0181975,0.00504374,33.4055
0.0156161,0.0286698,0.00503811,33.4088
0.0142484,0.031809,0.00505681,33.3913
0.0159305,0.0338077,0.00508734,33.3034
0.0144093,0.0223989,0.00503501,33.483
0.0142962,0.0276231,0.00504979,33.4689
0.0143043,0.0191489,0.00504864,33.4542
0.0141903,0.0158824,0.005066,33.4198
0.0157088,0.0270626,0.00505049,33.4461
0.0143391,0.0207589,0.00504387,33.4703
0.0157375,0.0213765,0.00505469,33.4335
0.0156203,0.0165525,0.00503863,33.3853
0.0146086,0.0242115,0.00501535,33.4857
0.0157092,0.0322422,0.00505055,33.3354
0.0141875,0.0291517,0.00506645,33.4395
0.0155347,0.0148215,0.00502867,33.3384
0.0162896,0.0351446,0.00516916,33.2751
0.0158309,0.0255361,0.00506953,33.4374
